codigo,descricao,cd_mun
667,CUTIAS,1600212
2487,MORENO,2609402
1,GUAJARA-MIRIM,1100106
2,ALTO ALEGRE DOS PARECIS,1100379
3,PORTO VELHO,1100205
4,BURITIS,1100452
5,JI-PARANA,1100122
6,CHUPINGUAIA,1100924
7,ARIQUEMES,1100023
8,CUJUBIM,1100940
9,CACOAL,1100049
10,NOVA UNIAO,1101435
11,PIMENTA BUENO,1100189
12,PARECIS,1101450
13,VILHENA,1100304
14,PIMENTEIRAS DO OESTE,1101468
15,JARU,1100114
16,PRIMAVERA DE RONDONIA,1101476
17,OURO PRETO DO OESTE,1100155
18,SAO FELIPE D'OESTE,1101484
19,PRESIDENTE MEDICI,1100254
20,SAO FRANCISCO DO GUAPORE,1101492
21,COSTA MARQUES,1100080
22,TEIXEIROPOLIS,1101559
23,COLORADO DO OESTE,1100064
24,VALE DO ANARI,1101757
25,ESPIGAO D'OESTE,1100098
26,AMAJARI,1400027
27,CEREJEIRAS,1100056
28,CANTA,1400175
29,ROLIM DE MOURA,1100288
30,CAROEBE,1400233
31,CALDAZINHA,5204557
32,IRACEMA,1400282
33,ALTA FLORESTA D'OESTE,1100015
34,PACARAIMA,1400456
35,ALVORADA D'OESTE,1100346
36,RORAINOPOLIS,1400472
37,CABIXI,1100031
38,UIRAMUTA,1400704
39,MACHADINHO D'OESTE,1100130
40,ANAPU,1500859
41,NOVA BRASILANDIA D'OESTE,1100148
42,BANNACH,1501253
43,SANTA LUZIA D'OESTE,1100296
44,BELTERRA,1501451
45,SAO MIGUEL DO GUAPORE,1100320
46,CACHOEIRA DO PIRIA,1501956
47,NOVA MAMORE,1100338
48,CANAA DOS CARAJAS,1502152
49,JESUPOLIS,5212055
50,CURUA,1502855
51,PROFESSOR JAMIL,5218391
52,FLORESTA DO ARAGUAIA,1503044
53,SANTO ANTONIO DE GOIAS,5219738
54,MARITUBA,1504422
55,COCALZINHO DE GOIAS,5205513
56,NOVA IPIXUNA,1504976
57,TEREZOPOLIS DE GOIAS,5221197
58,PICARRA,1505635
59,UIRAPURU,5221577
60,PLACAS,1505650
61,BURITINOPOLIS,5203962
62,QUATIPURU,1506112
63,BURITI DE GOIAS,5203939
64,SAO JOAO DA PONTA,1507466
65,GUARAITA,5209291
66,SAPUCAIA,1507755
67,VILA BOA,5222203
68,TRACUATEUA,1508035
69,INACIOLANDIA,5209937
70,VITORIA DO JARI,1600808
71,APARECIDA DO RIO DOCE,5201454
72,AGUIARNOPOLIS,1700301
73,CHAPADAO DO CEU,5205471
74,BANDEIRANTES DO TOCANTINS,1703057
75,PEROLANDIA,5216452
76,BARRA DO OURO,1703073
77,CIDADE OCIDENTAL,5205497
78,CHAPADA DE AREIA,1704600
79,MONTIVIDIU DO NORTE,5213772
80,CHAPADA DA NATIVIDADE,1705102
81,CASTELANDIA,5205059
82,CRIXAS DO TOCANTINS,1706258
83,SANTO ANTONIO DA BARRA,5219712
84,IPUEIRAS,1709807
85,ALTO HORIZONTE,5200555
86,LAVANDEIRA,1712157
87,NOVA IGUACU DE GOIAS,5214879
88,LUZINOPOLIS,1712454
89,COTRIGUACU,5103379
90,MONTE SANTO DO TOCANTINS,1713700
91,PLANALTO DA SERRA,5106455
92,OLIVEIRA DE FATIMA,1715507
93,SAO PEDRO DA CIPA,5107404
94,PUGMIL,1718451
95,PONTAL DO ARAGUAIA,5106653
96,SANTA RITA DO TOCANTINS,1718899
97,QUERENCIA,5107065
98,SANTA TEREZINHA DO TOCANTINS,1720002
99,RIBEIRAOZINHO,5107198
100,TALISMA,1720978
101,PORTO ESTRELA,5106851
102,TUPIRAMA,1721257
103,NOVA MARILANDIA,5108857
104,AGUA DOCE DO MARANHAO,2100154
105,BRASILEIA,1200104
106,ALTO ALEGRE DO MARANHAO,2100436
107,CRUZEIRO DO SUL,1200203
108,ALTO ALEGRE DO PINDARE,2100477
109,MANCIO LIMA,1200336
110,AMAPA DO MARANHAO,2100550
111,NOVA MARINGA,5108907
112,APICUM-ACU,2100832
113,FEIJO,1200302
114,ARAGUANA,2100873
115,SANTO AFONSO,5107263
116,BACABEIRA,2101251
117,NOVA BANDEIRANTES,5106158
118,BACURITUBA,2101350
119,NOVA MONTE VERDE,5108956
120,BELAGUA,2101731
121,NOVA GUARITA,5108808
122,BELA VISTA DO MARANHAO,2101772
123,SANTA CARMEM,5107248
124,BERNARDO DO MEARIM,2101939
125,TABAPORA,5107941
126,BOA VISTA DO GURUPI,2101970
127,ALTO BOA VISTA,5100359
128,BOM JESUS DAS SELVAS,2102036
129,CANABRAVA DO NORTE,5102694
130,BOM LUGAR,2102077
131,CONFRESA,5103353
132,BREJO DE AREIA,2102150
133,SAO JOSE DO XINGU,5107354
134,BURITICUPU,2102325
135,GLORIA D'OESTE,5103957
136,BURITIRANA,2102358
137,LAMBARI D'OESTE,5105234
138,CACHOEIRA GRANDE,2102374
139,RIO BRANCO,1200401
140,CAMPESTRE DO MARANHAO,2102556
141,ALCINOPOLIS,5000252
142,CAPINZAL DO NORTE,2102754
143,NOVA ALVORADA DO SUL,5006002
144,CENTRAL DO MARANHAO,2103125
145,SENA MADUREIRA,1200500
146,CENTRO DO GUILHERME,2103158
147,TARAUACA,1200609
148,CENTRO NOVO DO MARANHAO,2103174
149,XAPURI,1200708
150,CIDELANDIA,2103257
151,PLACIDO DE CASTRO,1200385
152,CONCEICAO DO LAGO-ACU,2103554
153,SENADOR GUIOMARD,1200450
154,DAVINOPOLIS,2103752
155,MANOEL URBANO,1200344
156,FEIRA NOVA DO MARANHAO,2104073
157,ASSIS BRASIL,1200054
158,FERNANDO FALCAO,2104081
159,NOVO HORIZONTE DO SUL,5006259
160,FORMOSA DA SERRA NEGRA,2104099
161,JAPORA,5004809
162,GOVERNADOR EDISON LOBAO,2104552
163,LAGUNA CARAPA,5005251
164,GOVERNADOR LUIZ ROCHA,2104628
165,ANGICO,1701051
166,GOVERNADOR NEWTON BELLO,2104651
167,ARAGOMINAS,1701309
168,GOVERNADOR NUNES FREIRE,2104677
169,ARAGUANA,1702158
170,IGARAPE DO MEIO,2105153
171,CACHOEIRINHA,1703826
172,ITAIPAVA DO GRAJAU,2105351
173,CAMPOS LINDOS,1703842
174,ITINGA DO MARANHAO,2105427
175,CARMOLANDIA,1703883
176,JATOBA,2105450
177,CARRASCO BONITO,1703891
178,JENIPAPO DOS VIEIRAS,2105476
179,DARCINOPOLIS,1706506
180,JUNCO DO MARANHAO,2105658
181,ESPERANTINA,1707405
182,LAGOA DO MATO,2105922
183,MAURILANDIA DO TOCANTINS,1712801
184,LAGO DOS RODRIGUES,2105948
185,PALMEIRAS DO TOCANTINS,1713809
186,LAGOA GRANDE DO MARANHAO,2105963
187,MURICILANDIA,1713957
188,LAJEADO NOVO,2105989
189,PALMEIRANTE,1715705
190,MARACACUME,2106326
191,PAU D'ARCO,1716307
192,MARAJA DO SENA,2106359
193,RIACHINHO,1718550
194,MARANHAOZINHO,2106375
195,SANTA FE DO ARAGUAIA,1718865
196,MATOES DO NORTE,2106631
197,SAO BENTO DO TOCANTINS,1720101
198,MILAGRES DO MARANHAO,2106672
199,SAO MIGUEL DO TOCANTINS,1720200
200,NOVA COLINAS,2107258
201,NOVO AIRAO,1303205
202,NOVA OLINDA DO MARANHAO,2107357
203,ANORI,1300102
204,OLINDA NOVA DO MARANHAO,2107456
205,ATALAIA DO NORTE,1300201
206,PAULINO NEVES,2108058
207,AUTAZES,1300300
208,PEDRO DO ROSARIO,2108256
209,BARCELOS,1300409
210,PERITORO,2108454
211,BARREIRINHA,1300508
212,PORTO RICO DO MARANHAO,2109056
213,BENJAMIN CONSTANT,1300607
214,PRESIDENTE MEDICI,2109239
215,BOCA DO ACRE,1300706
216,PRESIDENTE SARNEY,2109270
217,BORBA,1300805
218,RAPOSA,2109452
219,CANUTAMA,1300904
220,RIBAMAR FIQUENE,2109551
221,CARAUARI,1301001
222,SANTA FILOMENA DO MARANHAO,2109759
223,CAREIRO,1301100
224,SANTANA DO MARANHAO,2110237
225,COARI,1301209
226,SANTO AMARO DO MARANHAO,2110278
227,CODAJAS,1301308
228,SAO DOMINGOS DO AZEITAO,2110658
229,EIRUNEPE,1301407
230,SAO FRANCISCO DO BREJAO,2110856
231,ENVIRA,1301506
232,SAO JOAO DO CARU,2111029
233,FONTE BOA,1301605
234,SAO JOAO DO PARAISO,2111052
235,HUMAITA,1301704
236,SAO JOAO DO SOTER,2111078
237,SANTA ISABEL DO RIO NEGRO,1303601
238,SAO JOSE DOS BASILIOS,2111250
239,IPIXUNA,1301803
240,SAO PEDRO DA AGUA BRANCA,2111532
241,ITACOATIARA,1301902
242,SAO PEDRO DOS CRENTES,2111573
243,ITAPIRANGA,1302009
244,SAO RAIMUNDO DO DOCA BEZERRA,2111631
245,JAPURA,1302108
246,SAO ROBERTO,2111672
247,JURUA,1302207
248,SATUBINHA,2111722
249,JUTAI,1302306
250,SENADOR ALEXANDRE COSTA,2111748
251,LABREA,1302405
252,SENADOR LA ROCQUE,2111763
253,MANACAPURU,1302504
254,SERRANO DO MARANHAO,2111789
255,MANAUS,1302603
256,SUCUPIRA DO RIACHAO,2111953
257,MANICORE,1302702
258,TRIZIDELA DO VALE,2112233
259,MARAA,1302801
260,TUFILANDIA,2112274
261,MAUES,1302900
262,TURILANDIA,2112456
263,NHAMUNDA,1303007
264,VILA NOVA DOS MARTIRIOS,2112852
265,NOVA OLINDA DO NORTE,1303106
266,ACAUA,2200053
267,NOVO ARIPUANA,1303304
268,ALVORADA DO GURGUEIA,2200459
269,PARINTINS,1303403
270,ASSUNCAO DO PIAUI,2201051
271,PAUINI,1303502
272,BARRA D'ALCANTARA,2201176
273,SANTO ANTONIO DO ICA,1303700
274,BELA VISTA DO PIAUI,2201556
275,SAO PAULO DE OLIVENCA,1303908
276,BELEM DO PIAUI,2201572
277,SILVES,1304005
278,BETANIA DO PIAUI,2201739
279,TAPAUA,1304104
280,BOA HORA,2201770
281,TEFE,1304203
282,BOQUEIRAO DO PIAUI,2201945
283,SAO GABRIEL DA CACHOEIRA,1303809
284,BREJO DO PIAUI,2201988
285,URUCARA,1304302
286,CAJAZEIRAS DO PIAUI,2202075
287,URUCURITUBA,1304401
288,CAJUEIRO DA PRAIA,2202083
289,ALVARAES,1300029
290,CAMPO ALEGRE DO FIDALGO,2202117
291,AMATURA,1300060
292,CAMPO GRANDE DO PIAUI,2202133
293,ANAMA,1300086
294,CAMPO LARGO DO PIAUI,2202174
295,BERURI,1300631
296,CAPITAO GERVASIO OLIVEIRA,2202455
297,BOA VISTA DO RAMOS,1300680
298,CARAUBAS DO PIAUI,2202539
299,CAAPIRANGA,1300839
300,CARIDADE DO PIAUI,2202554
301,BOA VISTA,1400100
302,CAXINGO,2202653
303,CARACARAI,1400209
304,COCAL DE TELHA,2202711
305,ALTO ALEGRE,1400050
306,COCAL DOS ALVES,2202729
307,BONFIM,1400159
308,CURRAIS,2203230
309,MUCAJAI,1400308
310,CURRALINHOS,2203255
311,NORMANDIA,1400407
312,CURRAL NOVO DO PIAUI,2203271
313,SAO JOAO DA BALIZA,1400506
314,FLORESTA DO PIAUI,2203859
315,SAO LUIZ,1400605
316,FRANCISCO MACEDO,2204154
317,MATEIROS,1712702
318,GEMINIANO,2204352
320,GUARIBAS,2204550
321,NOVO JARDIM,1715259
322,ILHA GRANDE,2204659
323,RIO DA CONCEICAO,1718659
324,JATOBA DO PIAUI,2205276
325,TAIPAS DO TOCANTINS,1720937
326,JOAO COSTA,2205359
327,CARIRI DO TOCANTINS,1703867
328,JOCA MARQUES,2205458
329,JAU DO TOCANTINS,1711506
330,JUAZEIRO DO PIAUI,2205516
331,SANDOLANDIA,1718840
332,JULIO BORGES,2205524
333,SAO SALVADOR DO TOCANTINS,1720259
334,JUREMA,2205532
335,SUCUPIRA,1720853
336,LAGOINHA DO PIAUI,2205540
337,ABREULANDIA,1700251
338,LAGOA DE SAO FRANCISCO,2205573
339,BRASILANDIA DO TOCANTINS,1703602
340,LAGOA DO PIAUI,2205581
341,BOM JESUS DO TOCANTINS,1703305
342,LAGOA DO SITIO,2205599
343,CENTENARIO,1704105
344,MADEIRO,2205854
345,FORTALEZA DO TABOCAO,1708254
346,MASSAPE DO PIAUI,2206050
347,ITAPIRATINS,1710904
348,MILTON BRANDAO,2206357
349,JUARINA,1711803
350,MORRO CABECA NO TEMPO,2206654
351,LAJEADO,1712009
352,MORRO DO CHAPEU DO PIAUI,2206670
353,LAGOA DO TOCANTINS,1711951
354,MURICI DOS PORTELAS,2206696
355,PIRAQUE,1717206
356,NOSSA SENHORA DE NAZARE,2206753
357,RECURSOLANDIA,1718501
358,NOVO SANTO ANTONIO,2206951
359,RIO DOS BOIS,1718709
360,OLHO D'AGUA DO PIAUI,2207108
361,SANTA MARIA DO TOCANTINS,1718881
362,PAJEU DO PIAUI,2207355
363,SAO FELIX DO TOCANTINS,1720150
364,PAQUETA,2207553
365,TUPIRATINS,1721307
366,PAVUSSU,2207850
367,LAGOA DA CONFUSAO,1711902
368,PEDRO LAURENTINO,2207934
369,SANTA BARBARA DO PARA,1506351
370,NOVA SANTA RITA,2207959
371,SANTA LUZIA DO PARA,1506559
372,PORTO ALEGRE DO PIAUI,2208551
373,TERRA ALTA,1507961
374,RIACHO FRIO,2208858
375,ABEL FIGUEIREDO,1500131
376,RIBEIRA DO PIAUI,2208874
377,ELDORADO DOS CARAJAS,1502954
378,SANTO ANTONIO DOS MILAGRES,2209450
379,PALESTINA DO PARA,1505494
380,SAO FRANCISCO DE ASSIS DO PIAUI,2209658
381,SAO DOMINGOS DO ARAGUAIA,1507151
382,SAO GONCALO DO GURGUEIA,2209757
383,AGUA AZUL DO NORTE,1500347
384,SAO JOAO DA FRONTEIRA,2209872
385,CUMARU DO NORTE,1502764
386,SAO JOAO DA VARJOTA,2209955
387,PAU D'ARCO,1505551
388,SAO JOAO DO ARRAIAL,2209971
389,AURORA DO PARA,1500958
390,SAO LUIS DO PIAUI,2210375
391,NOVA ESPERANCA DO PIRIA,1504950
392,SAO MIGUEL DA BAIXA GRANDE,2210383
393,SAO JOAO DE PIRABAS,1507474
394,SAO MIGUEL DO FIDALGO,2210391
395,TAILANDIA,1507953
396,SEBASTIAO BARROS,2210623
397,TUCUMA,1508084
398,SEBASTIAO LEAL,2210631
399,URUARA,1508159
400,SUSSUAPARA,2210938
401,ABAETETUBA,1500107
402,TAMBORIL DO PIAUI,2210953
403,ACARA,1500206
404,TANQUE DO PIAUI,2210979
405,AFUA,1500305
406,VERA MENDES,2211506
407,ALENQUER,1500404
408,VILA NOVA DO PIAUI,2211605
409,ALMEIRIM,1500503
410,WALL FERRAZ,2211704
411,ALTAMIRA,1500602
412,BODO,2401651
413,ANAJAS,1500701
414,CAICARA DO NORTE,2401859
415,ANANINDEUA,1500800
416,FERNANDO PEDROZA,2403756
417,AUGUSTO CORREA,1500909
418,ITAJA,2404853
419,AVEIRO,1501006
420,MAJOR SALES,2407252
421,BAGRE,1501105
422,RIO DO FOGO,2408953
423,BAIAO,1501204
424,SANTA MARIA,2409332
425,BARCARENA,1501303
426,PORTO DO MANGUE,2410256
427,BELEM,1501402
428,TIBAU,2411056
429,BENEVIDES,1501501
430,SAO MIGUEL DO GOSTOSO,2412559
431,BONITO,1501600
432,SERRINHA DOS PINTOS,2413557
433,BRAGANCA,1501709
434,TENENTE LAURENTINO CRUZ,2414159
435,BREVES,1501808
436,TRIUNFO POTIGUAR,2414456
437,BUJARU,1501907
438,VENHA-VER,2414753
439,CACHOEIRA DO ARARI,1502004
440,ALCANTIL,2500536
441,CAMETA,1502103
442,ALGODAO DE JANDAIRA,2500577
443,CAPANEMA,1502202
444,AMPARO,2500734
445,CAPITAO POCO,1502301
446,APARECIDA,2500775
447,CASTANHAL,1502400
448,AREIA DE BARAUNAS,2501153
449,CHAVES,1502509
450,ASSUNCAO,2501351
451,COLARES,1502608
452,BARAUNA,2501534
453,CONCEICAO DO ARAGUAIA,1502707
454,BARRA DE SANTANA,2501575
455,CURRALINHO,1502806
456,BERNARDINO BATISTA,2502052
457,CURUCA,1502905
458,BOA VISTA,2502151
459,FARO,1503002
460,CACIMBAS,2503555
461,GURUPA,1503101
462,CAJAZEIRINHAS,2503753
463,IGARAPE-ACU,1503200
464,CAPIM,2504033
465,IGARAPE-MIRI,1503309
466,CARAUBAS,2504074
467,INHANGAPI,1503408
468,CASSERENGUE,2504157
469,IRITUIA,1503507
470,CATURITE,2504355
471,ITAITUBA,1503606
472,COXIXOLA,2504850
473,ITUPIRANGA,1503705
474,CUITE DE MAMANGUAPE,2505238
475,JACUNDA,1503804
476,CURRAL DE CIMA,2505279
477,JURUTI,1503903
478,DAMIAO,2505352
479,LIMOEIRO DO AJURU,1504000
480,GADO BRAVO,2506251
481,MAGALHAES BARATA,1504109
482,LOGRADOURO,2508554
483,MARABA,1504208
484,MARCACAO,2509057
485,MARACANA,1504307
486,MARIZOPOLIS,2509156
487,MARAPANIM,1504406
488,MATINHAS,2509339
489,MELGACO,1504505
490,MATO GROSSO,2509370
491,MOCAJUBA,1504604
492,MATUREIA,2509396
493,MOJU,1504703
494,PARARI,2510659
495,MONTE ALEGRE,1504802
496,POCO DANTAS,2512036
497,MUANA,1504901
498,POCO DE JOSE DE MOURA,2512077
499,NOVA TIMBOTEUA,1505007
500,PEDRO REGIS,2512721
501,OBIDOS,1505106
502,RIACHAO,2512747
503,OEIRAS DO PARA,1505205
504,RIACHAO DO BACAMARTE,2512754
505,ORIXIMINA,1505304
506,RIACHAO DO POCO,2512762
507,OUREM,1505403
508,RIACHO DE SANTO ANTONIO,2512788
509,PARAGOMINAS,1505502
510,SANTA CECILIA,2513158
511,PEIXE-BOI,1505601
512,SANTA INES,2513356
513,PONTA DE PEDRAS,1505700
514,JOCA CLAUDINO,2513653
515,PORTEL,1505809
516,SANTO ANDRE,2513851
517,PORTO DE MOZ,1505908
518,SAO BENTINHO,2513927
519,PRAINHA,1506005
520,SAO DOMINGOS DO CARIRI,2513943
521,PRIMAVERA,1506104
522,SAO DOMINGOS,2513968
523,SALINOPOLIS,1506203
524,SAO FRANCISCO,2513984
525,SALVATERRA,1506302
526,SAO JOSE DOS RAMOS,2514453
527,SANTA CRUZ DO ARARI,1506401
528,SAO JOSE DE PRINCESA,2514552
529,SANTA ISABEL DO PARA,1506500
530,SAO JOSE DO BREJO DO CRUZ,2514651
531,SANTA MARIA DO PARA,1506609
532,SERTAOZINHO,2515930
533,SANTANA DO ARAGUAIA,1506708
534,SOBRADO,2515971
535,SANTAREM,1506807
536,SOSSEGO,2516151
537,SANTAREM NOVO,1506906
538,TENORIO,2516755
539,SANTO ANTONIO DO TAUA,1507003
540,VIEIROPOLIS,2517209
541,SAO CAETANO DE ODIVELAS,1507102
542,ZABELE,2517407
543,SAO DOMINGOS DO CAPIM,1507201
544,ARACOIABA,2601052
545,SAO FELIX DO XINGU,1507300
546,CASINHAS,2604155
547,SAO FRANCISCO DO PARA,1507409
548,JAQUEIRA,2607950
549,SAO JOAO DO ARAGUAIA,1507508
550,JATOBA,2608057
551,SAO MIGUEL DO GUAMA,1507607
552,LAGOA GRANDE,2608750
553,SAO SEBASTIAO DA BOA VISTA,1507706
554,MANARI,2609154
555,SENADOR JOSE PORFIRIO,1507805
556,SANTA FILOMENA,2612554
557,SOURE,1507904
558,TAMANDARE,2614857
559,TOME-ACU,1508001
560,CAMPESTRE,2701357
561,TUCURUI,1508100
562,JEQUIA DA PRAIA,2703759
563,VIGIA,1508209
564,ALTO CAPARAO,3102050
565,VISEU,1508308
566,ANGELANDIA,3102852
567,REDENCAO,1506138
568,ARICANDUVA,3104452
569,RIO MARIA,1506161
570,BERIZAL,3106655
571,XINGUARA,1508407
572,BONITO DE MINAS,3108255
573,RONDON DO PARA,1506187
574,BRASILANDIA DE MINAS,3108552
575,BOM JESUS DO TOCANTINS,1501576
576,BUGRE,3109253
577,BREJO GRANDE DO ARAGUAIA,1501758
578,CABECEIRA GRANDE,3109451
579,CONCORDIA DO PARA,1502756
580,CAMPO AZUL,3111150
581,CURIONOPOLIS,1502772
582,CANTAGALO,3112059
583,DOM ELISEU,1502939
584,CATAS ALTAS,3115359
585,GARRAFAO DO NORTE,1503077
586,CATUTI,3115474
587,MAE DO RIO,1504059
588,CHAPADA GAUCHA,3116159
589,MEDICILANDIA,1504455
590,CONEGO MARINHO,3117836
591,OURILANDIA DO NORTE,1505437
592,CONFINS,3117876
593,PACAJA,1505486
594,CORREGO FUNDO,3119955
595,PARAUAPEBAS,1505536
596,CRISOLITA,3120151
597,RUROPOLIS,1506195
598,CUPARAQUE,3120839
599,SANTA MARIA DAS BARREIRAS,1506583
600,CURRAL DE DENTRO,3120870
601,AMAPA,1600105
602,DELTA,3121258
603,CALCOENE,1600204
604,DIVISA ALEGRE,3122355
605,MACAPA,1600303
606,DOM BOSCO,3122470
607,MAZAGAO,1600402
608,FRANCISCOPOLIS,3126752
609,OIAPOQUE,1600501
610,FREI LAGONEGRO,3126950
611,FERREIRA GOMES,1600238
612,FRUTA DE LEITE,3127073
613,LARANJAL DO JARI,1600279
614,GAMELEIRAS,3127339
615,SANTANA,1600600
616,GLAUCILANDIA,3127354
617,TARTARUGALZINHO,1600709
618,GOIABEIRA,3127370
619,SAO GERALDO DO ARAGUAIA,1507458
620,GOIANA,3127388
621,IPIXUNA DO PARA,1503457
622,GUARACIAMA,3128253
623,ULIANOPOLIS,1508126
624,IBIRACATU,3129657
625,BREU BRANCO,1501782
626,IMBE DE MINAS,3130556
627,GOIANESIA DO PARA,1503093
628,INDAIABIRA,3130655
629,NOVO REPARTIMENTO,1505064
630,JAPONVAR,3135357
631,JACAREACANGA,1503754
632,JENIPAPO DE MINAS,3135456
633,NOVO PROGRESSO,1505031
634,JOSE GONCALVES DE MINAS,3136520
635,TRAIRAO,1508050
636,JOSE RAYDAN,3136553
637,TERRA SANTA,1507979
638,JOSENOPOLIS,3136579
639,BRASIL NOVO,1501725
640,JUVENILIA,3136959
641,VITORIA DO XINGU,1508357
642,LEME DO PRADO,3138351
643,ACRELANDIA,1200013
644,LUISBURGO,3138674
645,BUJARI,1200138
646,LUISLANDIA,3138682
647,CAPIXABA,1200179
648,MARIO CAMPOS,3140159
649,PORTO ACRE,1200807
650,MARTINS SOARES,3140530
651,EPITACIOLANDIA,1200252
652,MIRAVANIA,3142254
653,JORDAO,1200328
654,MONTE FORMOSO,3143153
655,MARECHAL THAUMATURGO,1200351
656,NAQUE,3144359
657,PORTO WALTER,1200393
658,NATALANDIA,3144375
659,RODRIGUES ALVES,1200427
660,NINHEIRA,3144656
661,SANTA ROSA DO PURUS,1200435
662,NOVA BELEM,3144672
663,PEDRA BRANCA DO AMAPARI,1600154
664,NOVA PORTEIRINHA,3145059
665,SERRA DO NAVIO,1600055
666,NOVO ORIENTE DE MINAS,3145356
668,NOVORIZONTE,3145372
669,ITAUBAL,1600253
670,OLHOS-D'AGUA,3145455
671,PORTO GRANDE,1600535
672,ORATORIOS,3145851
673,PRACUUBA,1600550
674,ORIZANIA,3145877
675,ALTO PARAISO,1100403
676,PADRE CARVALHO,3146255
677,CACAULANDIA,1100601
678,PAI PEDRO,3146552
679,CAMPO NOVO DE RONDONIA,1100700
680,PATIS,3147956
681,CANDEIAS DO JAMARI,1100809
682,PEDRA BONITA,3148756
683,ITAPUA DO OESTE,1101104
684,PERIQUITO,3149952
685,MONTE NEGRO,1101401
686,PIEDADE DE CARATINGA,3150158
687,RIO CRESPO,1100262
688,PINGO D'AGUA,3150539
689,NOVO HORIZONTE DO OESTE,1100502
690,PINTOPOLIS,3150570
691,CASTANHEIRAS,1100908
692,PONTO CHIQUE,3152131
693,GOVERNADOR JORGE TEIXEIRA,1101005
694,PONTO DOS VOLANTES,3152170
695,MINISTRO ANDREAZZA,1101203
696,REDUTO,3154150
697,MIRANTE DA SERRA,1101302
698,ROSARIO DA LIMEIRA,3156452
699,SERINGUEIRAS,1101500
700,SANTA BARBARA DO MONTE VERDE,3157278
701,AFONSO CUNHA,2100105
702,SANTA CRUZ DE MINAS,3157336
703,ALCANTARA,2100204
704,SANTA CRUZ DE SALINAS,3157377
705,ALDEIAS ALTAS,2100303
706,SANTA HELENA DE MINAS,3157658
707,ALTAMIRA DO MARANHAO,2100402
708,SANTO ANTONIO DO RETIRO,3160454
709,ALTO PARNAIBA,2100501
710,SAO DOMINGOS DAS DORES,3160959
711,AMARANTE DO MARANHAO,2100600
712,SAO FELIX DE MINAS,3161056
713,ANAJATUBA,2100709
714,SAO GERALDO DO BAIXIO,3161650
715,ANAPURUS,2100808
716,SAO JOAO DA LAGOA,3162252
717,ARAIOSES,2100907
718,SAO JOAO DAS MISSOES,3162450
719,ARARI,2101004
720,SAO JOAO DO PACUI,3162658
721,AXIXA,2101103
722,SAO JOAQUIM DE BICAS,3162922
723,BACABAL,2101202
724,SAO JOSE DA BARRA,3162948
725,BACURI,2101301
726,SAO SEBASTIAO DA VARGEM ALEGRE,3164431
727,BALSAS,2101400
728,SAO SEBASTIAO DO ANTA,3164472
729,BARAO DE GRAJAU,2101509
730,SARZEDO,3165537
731,BARRA DO CORDA,2101608
732,SETUBINHA,3165552
733,BARREIRINHAS,2101707
734,SEM-PEIXE,3165560
735,BENEDITO LEITE,2101806
736,SERRANOPOLIS DE MINAS,3166956
737,BEQUIMAO,2101905
738,TAPARUBA,3168051
739,BREJO,2102101
740,TOCOS DO MOJI,3169059
741,BURITI,2102200
742,UNIAO DE MINAS,3170438
743,BURITI BRAVO,2102309
744,URUANA DE MINAS,3170479
745,CAJAPIO,2102408
746,VARGEM ALEGRE,3170578
747,CAJARI,2102507
748,VARGEM GRANDE DO RIO PARDO,3170651
749,CANDIDO MENDES,2102606
750,VARJAO DE MINAS,3170750
751,CANTANHEDE,2102705
752,VERDELANDIA,3171030
753,CAROLINA,2102804
754,VEREDINHA,3171071
755,CARUTAPERA,2102903
756,VERMELHO NOVO,3171154
757,CAXIAS,2103000
758,BREJETUBA,3201159
759,CEDRAL,2103109
760,MARATAIZES,3203320
761,CHAPADINHA,2103208
762,PONTO BELO,3204252
763,CODO,2103307
764,SAO ROQUE DO CANAA,3204955
765,COELHO NETO,2103406
766,SOORETAMA,3205010
767,COLINAS,2103505
768,VILA VALERIO,3205176
769,COROATA,2103604
770,ARMACAO DOS BUZIOS,3300233
771,CURURUPU,2103703
772,CARAPEBUS,3300936
773,DOM PEDRO,2103802
774,IGUABA GRANDE,3301876
775,DUQUE BACELAR,2103901
776,MACUCO,3302452
777,ESPERANTINOPOLIS,2104008
778,PINHEIRAL,3303955
779,FORTALEZA DOS NOGUEIRAS,2104107
780,PORTO REAL,3304110
781,FORTUNA,2104206
782,SAO FRANCISCO DE ITABAPOANA,3304755
783,GODOFREDO VIANA,2104305
784,SAO JOSE DE UBA,3305133
785,GONCALVES DIAS,2104404
786,SEROPEDICA,3305554
787,GOVERNADOR ARCHER,2104503
788,TANGUA,3305752
789,GOVERNADOR EUGENIO BARROS,2104602
790,ARCO-IRIS,3503356
791,GRACA ARANHA,2104701
792,BREJO ALEGRE,3507753
793,GRAJAU,2104800
794,CANAS,3509957
795,GUIMARAES,2104909
796,FERNAO,3515657
797,HUMBERTO DE CAMPOS,2105005
798,GAVIAO PEIXOTO,3516853
799,ICATU,2105104
800,IPIGUA,3521150
801,IGARAPE GRANDE,2105203
802,JUMIRIM,3525854
803,IMPERATRIZ,2105302
804,NANTES,3532157
805,SAO LUIS GONZAGA DO MARANHAO,2111409
806,NOVA CASTILHO,3532868
807,ITAPECURU MIRIM,2105401
808,OUROESTE,3534757
809,JOAO LISBOA,2105500
810,PAULISTANIA,3536570
811,JOSELANDIA,2105609
812,PRACINHA,3540853
813,LAGO DA PEDRA,2105708
814,PRATANIA,3541059
815,LAGO DO JUNCO,2105807
816,QUADRA,3541653
817,LAGO VERDE,2105906
818,RIBEIRAO DOS INDIOS,3543238
819,LIMA CAMPOS,2106003
820,SANTA CRUZ DA ESPERANCA,3546256
821,LORETO,2106102
822,SANTA SALETE,3547650
823,LUIS DOMINGUES,2106201
824,TAQUARAL,3553658
825,MAGALHAES DE ALMEIDA,2106300
826,TRABIJU,3554755
827,MATA ROMA,2106409
828,VITORIA BRASIL,3556958
829,MATINHA,2106508
830,ARAPUA,4101655
831,MATOES,2106607
832,ARIRANHA DO IVAI,4101853
833,MIRADOR,2106706
834,BELA VISTA DA CAROBA,4102752
835,MIRINZAL,2106805
836,BOA VENTURA DE SAO ROQUE,4103040
837,MONCAO,2106904
838,BOM JESUS DO SUL,4103156
839,MONTES ALTOS,2107001
840,CAMPINA DO SIMAO,4103958
841,MORROS,2107100
842,CAMPO MAGRO,4104253
843,NINA RODRIGUES,2107209
844,CARAMBEI,4104659
845,NOVA IORQUE,2107308
846,CORONEL DOMINGOS SOARES,4106456
847,OLHO D'AGUA DAS CUNHAS,2107407
848,CRUZMALTINA,4106852
849,PACO DO LUMIAR,2107506
850,ESPERANCA NOVA,4107520
851,PALMEIRANDIA,2107605
852,ESPIGAO ALTO DO IGUACU,4107546
853,PARAIBANO,2107704
854,FERNANDES PINHEIRO,4107736
855,PARNARAMA,2107803
856,FOZ DO JORDAO,4108452
857,PASSAGEM FRANCA,2107902
858,GOIOXIM,4108650
859,PASTOS BONS,2108009
860,GUAMIRANGA,4108957
861,PEDREIRAS,2108207
862,IMBAU,4110078
863,PENALVA,2108306
864,MANFRINOPOLIS,4114351
865,PERI MIRIM,2108405
866,MARQUINHO,4115457
867,PINDARE MIRIM,2108504
868,PEROBAL,4118857
869,PINHEIRO,2108603
870,PONTAL DO PARANA,4119954
871,PIO XII,2108702
872,PORTO BARREIRO,4120150
873,PIRAPEMAS,2108801
874,PRADO FERREIRA,4120333
875,POCAO DE PEDRAS,2108900
876,QUARTO CENTENARIO,4120655
877,PORTO FRANCO,2109007
878,RESERVA DO IGUACU,4121752
879,PRESIDENTE DUTRA,2109106
880,RIO BRANCO DO IVAI,4122172
881,PRESIDENTE JUSCELINO,2109205
882,SERRANOPOLIS DO IGUACU,4126355
883,PRESIDENTE VARGAS,2109304
884,TAMARANA,4126678
885,PRIMEIRA CRUZ,2109403
886,ALTO BELA VISTA,4200754
887,RIACHAO,2109502
888,BALNEARIO ARROIO DO SILVA,4201950
889,SAO JOSE DE RIBAMAR,2111201
890,BALNEARIO GAIVOTA,4202073
891,ROSARIO,2109601
892,BANDEIRANTE,4202081
893,SAMBAIBA,2109700
894,BARRA BONITA,4202099
895,SANTA HELENA,2109809
896,BELA VISTA DO TOLDO,4202131
897,SANTA LUZIA,2110005
898,BOCAINA DO SUL,4202438
899,SANTA QUITERIA DO MARANHAO,2110104
900,BOM JESUS,4202537
901,SANTA RITA,2110203
902,BOM JESUS DO OESTE,4202578
903,SANTO ANTONIO DOS LOPES,2110302
904,BRUNOPOLIS,4202875
905,SAO BENEDITO DO RIO PRETO,2110401
906,CAPAO ALTO,4203253
907,SAO BENTO,2110500
908,CHAPADAO DO LAGEADO,4204194
909,SAO BERNARDO,2110609
910,CUNHATAI,4204756
911,SAO DOMINGOS DO MARANHAO,2110708
912,ENTRE RIOS,4205175
913,SAO FELIX DE BALSAS,2110807
914,ERMO,4205191
915,SAO FRANCISCO DO MARANHAO,2110906
916,FLOR DO SERTAO,4205357
917,SAO JOAO BATISTA,2111003
918,FREI ROGERIO,4205555
919,SAO JOAO DOS PATOS,2111102
920,IBIAM,4206751
921,SAO LUIS,2111300
922,IOMERE,4207577
923,SAO MATEUS DO MARANHAO,2111508
924,JUPIA,4209177
925,SAO RAIMUNDO DAS MANGABEIRAS,2111607
926,LUZERNA,4210035
927,SAO VICENTE FERRER,2111706
928,PAIAL,4211876
929,SITIO NOVO,2111805
930,PAINEL,4211892
931,SUCUPIRA DO NORTE,2111904
932,PALMEIRA,4212056
933,TASSO FRAGOSO,2112001
934,PRINCESA,4214151
935,TIMBIRAS,2112100
936,SALTINHO,4215356
937,TIMON,2112209
938,SANTA TEREZINHA DO PROGRESSO,4215687
939,TUNTUM,2112308
940,SANTIAGO DO SUL,4215695
941,TURIACU,2112407
942,SAO BERNARDINO,4215752
943,TUTOIA,2112506
944,SAO PEDRO DE ALCANTARA,4217253
945,URBANO SANTOS,2112605
946,TIGRINHOS,4217956
947,VARGEM GRANDE,2112704
948,TREVISO,4218350
949,VIANA,2112803
950,ZORTEA,4219853
951,VITORIA DO MEARIM,2112902
952,ARARICA,4300877
953,VITORINO FREIRE,2113009
954,BALNEARIO PINHAL,4301636
955,BOM JARDIM,2102002
956,BARRA DO QUARAI,4301875
957,SANTA INES,2109908
958,BENJAMIN CONSTANT DO SUL,4302055
959,PAULO RAMOS,2108108
960,BOA VISTA DO SUL,4302253
961,ACAILANDIA,2100055
962,CAPIVARI DO SUL,4304671
963,ESTREITO,2104057
964,CARAA,4304713
965,CAREIRO DA VARZEA,1301159
966,CERRITO,4305124
967,GUAJARA,1301654
968,CHUI,4305439
969,APUI,1300144
970,CHUVISCA,4305447
971,TEOTONIO VILELA,2709152
972,CRISTAL DO SUL,4306072
973,FORQUILHINHA,4205456
974,DILERMANDO DE AGUIAR,4306379
975,THEOBROMA,1101609
976,DOM PEDRO DE ALCANTARA,4306551
977,URUPA,1101708
978,DOUTOR RICARDO,4306759
979,VALE DO PARAISO,1101807
980,ESPERANCA DO SUL,4307450
981,CORUMBIARA,1100072
982,ESTRELA VELHA,4307815
983,CATUNDA,2303659
984,FAZENDA VILANOVA,4308078
985,JIJOCA DE JERICOACOARA,2307254
986,FLORIANO PEIXOTO,4308250
987,FORTIM,2304459
988,HERVEIRAS,4309571
989,ARARENDA,2301257
990,ITAARA,4310538
991,ITAITINGA,2306256
992,JARI,4311130
993,CHORO,2303931
994,MACAMBARA,4311718
995,COIVARAS,2202737
996,MAMPITUBA,4311734
997,JARDIM DO MULATO,2205250
998,MARQUES DE SOUZA,4312054
999,LAGOA ALEGRE,2205557
1000,MONTE ALEGRE DOS CAMPOS,4312377
1001,AGRICOLANDIA,2200103
1002,MUITOS CAPOES,4312617
1003,AGUA BRANCA,2200202
1004,NOVA CANDELARIA,4313011
1005,ALTO LONGA,2200301
1006,NOVA RAMADA,4313334
1007,ALTOS,2200400
1008,NOVO CABRAIS,4313391
1009,AMARANTE,2200509
1010,PASSA SETE,4314068
1011,ANGICAL DO PIAUI,2200608
1012,SENADOR SALGADO FILHO,4320321
1013,ANISIO DE ABREU,2200707
1014,SETE DE SETEMBRO,4320578
1015,ANTONIO ALMEIDA,2200806
1016,TABAI,4320859
1017,AROAZES,2200905
1018,TOROPI,4321493
1019,ARRAIAL,2201002
1020,TURUCU,4322327
1021,AVELINO LOPES,2201101
1022,UBIRETAMA,4322343
1023,BARRAS,2201200
1024,UNISTALDA,4322376
1025,BARREIRAS DO PIAUI,2201309
1026,VALE VERDE,4322525
1027,BARRO DURO,2201408
1028,VESPASIANO CORREA,4322855
1029,BATALHA,2201507
1030,VILA LANGARO,4323358
1031,BENEDITINOS,2201606
1032,CAMPOS DE JULIO,5102686
1033,BERTOLINIA,2201705
1034,CARLINDA,5102793
1035,BOCAINA,2201804
1036,FELIZ NATAL,5103700
1037,BOM JESUS,2201903
1038,GAUCHA DO NORTE,5103858
1039,BURITI DOS LOPES,2202000
1040,NOVA LACERDA,5106182
1041,CAMPINAS DO PIAUI,2202109
1042,NOVA UBIRATA,5106240
1043,CAMPO MAIOR,2202208
1044,NOVO MUNDO,5106265
1045,CANTO DO BURITI,2202307
1046,SAPEZAL,5107875
1047,CAPITAO DE CAMPOS,2202406
1048,UNIAO DO SUL,5108303
1049,CARACOL,2202505
1050,ABADIA DE GOIAS,5200050
1051,CASTELO DO PIAUI,2202604
1052,AGUAS LINDAS DE GOIAS,5200258
1053,COCAL,2202703
1054,AMARALINA,5200829
1055,CONCEICAO DO CANINDE,2202802
1056,BONOPOLIS,5203575
1057,CORRENTE,2202901
1058,NOVO GAMA,5215231
1059,CRISTALANDIA DO PIAUI,2203008
1060,PORTEIRAO,5218052
1061,CRISTINO CASTRO,2203107
1062,SANTA RITA DO NOVO DESTINO,5219456
1063,CURIMATA,2203206
1064,SAO PATRICIO,5220280
1065,DEMERVAL LOBAO,2203305
1066,VALPARAISO DE GOIAS,5221858
1067,DOM EXPEDITO LOPES,2203404
1068,VILA PROPICIO,5222302
1069,ELESBAO VELOSO,2203503
1070,CAMPO LIMPO DE GOIAS,5204854
1071,ELISEU MARTINS,2203602
1072,GAMELEIRA DE GOIAS,5208152
1073,ESPERANTINA,2203701
1074,IPIRANGA DE GOIAS,5210158
1075,FLORES DO PIAUI,2203800
1076,LAGOA SANTA,5212253
1077,FLORIANO,2203909
1078,BOM JESUS DO ARAGUAIA,5101852
1079,FRANCINOPOLIS,2204006
1080,COLNIZA,5103254
1081,FRANCISCO AYRES,2204105
1082,CONQUISTA D'OESTE,5103361
1083,FRANCISCO SANTOS,2204204
1084,CURVELANDIA,5103437
1085,FRONTEIRAS,2204303
1086,NOVA NAZARE,5106174
1087,GILBUES,2204402
1088,NOVA SANTA HELENA,5106190
1089,GUADALUPE,2204501
1090,NOVO SANTO ANTONIO,5106315
1091,HUGO NAPOLEAO,2204600
1092,RONDOLANDIA,5107578
1093,INHUMA,2204709
1094,SANTA CRUZ DO XINGU,5107743
1095,IPIRANGA DO PIAUI,2204808
1096,SANTA RITA DO TRIVELATO,5107768
1097,ISAIAS COELHO,2204907
1098,SANTO ANTONIO DO LESTE,5107792
1099,ITAINOPOLIS,2205003
1100,SERRA NOVA DOURADA,5107883
1101,ITAUEIRA,2205102
1102,VALE DE SAO DOMINGOS,5108352
1103,JAICOS,2205201
1104,PAU D'ARCO DO PIAUI,2207793
1105,JERUMENHA,2205300
1107,JOAQUIM PIRES,2205409
1108,JUNDIA,2406155
1109,JOSE DE FREITAS,2205508
1110,BARROCAS,2903276
1111,LANDRI SALES,2205607
1112,LUIS EDUARDO MAGALHAES,2919553
1113,LUIS CORREIA,2205706
1114,GOVERNADOR LINDENBERG,3202256
1115,LUZILANDIA,2205805
1116,MESQUITA,3302858
1117,MANOEL EMIDIO,2205904
1118,ACEGUA,4300034
1119,MARCOS PARENTE,2206001
1120,ALMIRANTE TAMANDARE DO SUL,4300471
1121,MATIAS OLIMPIO,2206100
1122,ARROIO DO PADRE,4301073
1123,MIGUEL ALVES,2206209
1124,BOA VISTA DO CADEADO,4302220
1125,MIGUEL LEAO,2206308
1126,BOA VISTA DO INCRA,4302238
1127,MONSENHOR GIL,2206407
1128,BOZANO,4302584
1129,MONSENHOR HIPOLITO,2206506
1130,CANUDOS DO VALE,4304614
1131,MONTE ALEGRE DO PIAUI,2206605
1132,CAPAO BONITO DO SUL,4304622
1133,NAZARE DO PIAUI,2206704
1134,CAPAO DO CIPO,4304655
1135,NOSSA SENHORA DOS REMEDIOS,2206803
1136,COQUEIRO BAIXO,4305835
1137,NOVO ORIENTE DO PIAUI,2206902
1138,CORONEL PILAR,4305934
1139,OEIRAS,2207009
1140,CRUZALTENSE,4306130
1141,DOMINGOS MOURAO,2203420
1142,FORQUETINHA,4308433
1143,PADRE MARCOS,2207207
1144,ITATI,4310652
1145,PAES LANDIM,2207306
1146,JACUIZINHO,4310876
1147,PALMEIRA DO PIAUI,2207405
1148,LAGOA BONITA DO SUL,4311239
1149,PALMEIRAIS,2207504
1150,MATO QUEIMADO,4312179
1151,PARNAGUA,2207603
1152,NOVO XINGU,4313466
1153,PARNAIBA,2207702
1154,PAULO BENTO,4314134
1155,PAULISTANA,2207801
1156,PEDRAS ALTAS,4314175
1157,PEDRO II,2207900
1158,PINHAL DA SERRA,4314464
1159,PICOS,2208007
1160,PINTO BANDEIRA,4314548
1161,PIMENTEIRAS,2208106
1162,QUATRO IRMAOS,4315313
1163,PIO IX,2208205
1164,ROLADOR,4315958
1165,PIRACURUCA,2208304
1166,SANTA CECILIA DO SUL,4316733
1167,PIRIPIRI,2208403
1168,SANTA MARGARIDA DO SUL,4316972
1169,PORTO,2208502
1170,SAO JOSE DO SUL,4318614
1171,PRATA DO PIAUI,2208601
1172,SAO PEDRO DAS MISSOES,4319364
1173,REDENCAO DO GURGUEIA,2208700
1174,TIO HUGO,4321469
1175,REGENERACAO,2208809
1176,WESTFALIA,4323770
1177,RIBEIRO GONCALVES,2208908
1178,FIGUEIRAO,5003900
1179,RIO GRANDE DO PIAUI,2209005
1180,NAZARIA,2206720
1181,SANTA CRUZ DO PIAUI,2209104
1182,BOA ESPERANCA DO NORTE,5101837
1183,SANTA FILOMENA,2209203
1184,IPIRANGA DO NORTE,5104526
1185,SANTA LUZ,2209302
1186,ITANHANGA,5104542
1187,SANTO ANTONIO DE LISBOA,2209401
1188,AROEIRAS DO ITAIM,2200954
1189,SANTO INACIO DO PIAUI,2209500
1190,MOJUI DOS CAMPOS,1504752
1191,SAO FELIX DO PIAUI,2209609
1192,BALNEARIO RINCAO,4220000
1193,SAO FRANCISCO DO PIAUI,2209708
1194,PESCARIA BRAVA,4212650
1195,SAO GONCALO DO PIAUI,2209807
1196,PARAISO DAS AGUAS,5006275
1197,SAO JOAO DA SERRA,2209906
1199,SAO JOAO DO PIAUI,2210003
1201,SAO JOSE DO PEIXE,2210102
1203,SAO JOSE DO PIAUI,2210201
1205,SAO JULIAO,2210300
1207,SAO MIGUEL DO TAPUIO,2210409
1209,SAO PEDRO DO PIAUI,2210508
1211,SAO RAIMUNDO NONATO,2210607
1213,SIMOES,2210706
1215,SIMPLICIO MENDES,2210805
1217,SOCORRO DO PIAUI,2210904
1219,TERESINA,2211001
1221,UNIAO,2211100
1223,URUCUI,2211209
1225,VALENCA DO PIAUI,2211308
1227,VARZEA GRANDE,2211407
1229,DIRCEU ARCOVERDE,2203354
1231,ACARAPE,2300150
1233,BANABUIU,2301851
1235,BARREIRA,2301950
1237,BARROQUINHA,2302057
1239,CHOROZINHO,2303956
1241,CROATA,2304236
1243,DEPUTADO IRAPUAN PINHEIRO,2304269
1245,ERERE,2304277
1247,EUSEBIO,2304285
1249,GRACA,2304657
1251,GUAIUBA,2304954
1253,HORIZONTE,2305233
1255,IBARETAMA,2305266
1257,IBICUITINGA,2305332
1259,IPAPORANGA,2305654
1261,MADALENA,2307635
1263,MIRAIMA,2308377
1265,OCARA,2309458
1267,PINDORETAMA,2310852
1269,PIRES FERREIRA,2310951
1271,POTIRETAMA,2311231
1273,SALITRE,2311959
1275,TARRAFAS,2313252
1277,TEJUCUOCA,2313351
1279,TURURU,2313559
1281,ARAME,2100956
1283,MIRANDA DO NORTE,2106755
1285,SANTA LUZIA DO PARUA,2110039
1287,ZE DOCA,2114007
1289,DOM INOCENCIO,2203453
1291,SAO JOAO DA CANABRAVA,2209856
1293,PASSAGEM FRANCA DO PIAUI,2207751
1295,SANTA CRUZ DOS MILAGRES,2209153
1297,BURITI DOS MONTES,2202026
1299,CABECEIRAS DO PIAUI,2202059
1301,ABAIARA,2300101
1303,ACARAU,2300200
1305,ACOPIARA,2300309
1307,AIUABA,2300408
1309,ALCANTARAS,2300507
1311,ALTANEIRA,2300606
1313,ALTO SANTO,2300705
1315,ANTONINA DO NORTE,2300804
1317,APUIARES,2300903
1319,AQUIRAZ,2301000
1321,ARACATI,2301109
1323,ARACOIABA,2301208
1325,ARARIPE,2301307
1327,ARATUBA,2301406
1329,ARNEIROZ,2301505
1331,ASSARE,2301604
1333,AURORA,2301703
1335,BAIXIO,2301802
1337,BARBALHA,2301901
1339,BARRO,2302008
1341,BATURITE,2302107
1343,BEBERIBE,2302206
1345,BELA CRUZ,2302305
1347,BOA VIAGEM,2302404
1349,BREJO SANTO,2302503
1351,CAMOCIM,2302602
1353,CAMPOS SALES,2302701
1355,CANINDE,2302800
1357,CAPISTRANO,2302909
1359,CARIDADE,2303006
1361,CARIRE,2303105
1363,CARIRIACU,2303204
1365,CARIUS,2303303
1367,CARNAUBAL,2303402
1369,CASCAVEL,2303501
1371,CATARINA,2303600
1373,CAUCAIA,2303709
1375,CEDRO,2303808
1377,CHAVAL,2303907
1379,SIGEFREDO PACHECO,2210656
1381,COREAU,2304004
1383,CRATEUS,2304103
1385,CRATO,2304202
1387,FARIAS BRITO,2304301
1389,FORTALEZA,2304400
1391,FRECHEIRINHA,2304509
1393,GENERAL SAMPAIO,2304608
1395,GRANJA,2304707
1397,GRANJEIRO,2304806
1399,GROAIRAS,2304905
1401,GUARACIABA DO NORTE,2305001
1403,GUARAMIRANGA,2305100
1405,HIDROLANDIA,2305209
1407,IBIAPINA,2305308
1409,ICO,2305407
1411,IGUATU,2305506
1413,INDEPENDENCIA,2305605
1415,IPAUMIRIM,2305704
1417,IPU,2305803
1419,IPUEIRAS,2305902
1421,IRACEMA,2306009
1423,IRAUCUBA,2306108
1425,ITAICABA,2306207
1427,ITAPAJE,2306306
1429,ITAPIPOCA,2306405
1431,ITAPIUNA,2306504
1433,ITATIRA,2306603
1435,JAGUARETAMA,2306702
1437,JAGUARIBARA,2306801
1439,JAGUARIBE,2306900
1441,JAGUARUANA,2307007
1443,JARDIM,2307106
1445,JATI,2307205
1447,JUAZEIRO DO NORTE,2307304
1449,JUCAS,2307403
1451,LAVRAS DA MANGABEIRA,2307502
1453,LIMOEIRO DO NORTE,2307601
1455,MARANGUAPE,2307700
1457,MARCO,2307809
1459,MARTINOPOLE,2307908
1461,MASSAPE,2308005
1463,MAURITI,2308104
1465,MERUOCA,2308203
1467,MILAGRES,2308302
1469,MISSAO VELHA,2308401
1471,MOMBACA,2308500
1473,MONSENHOR TABOSA,2308609
1475,MORADA NOVA,2308708
1477,MORAUJO,2308807
1479,MORRINHOS,2308906
1481,MUCAMBO,2309003
1483,MULUNGU,2309102
1485,NOVA OLINDA,2309201
1487,NOVA RUSSAS,2309300
1489,NOVO ORIENTE,2309409
1491,OROS,2309508
1493,PACAJUS,2309607
1495,PACATUBA,2309706
1497,PACOTI,2309805
1499,PACUJA,2309904
1501,PALHANO,2310001
1503,PALMACIA,2310100
1505,PARACURU,2310209
1507,PARAMBU,2310308
1509,PARAMOTI,2310407
1511,PEDRA BRANCA,2310506
1513,PENAFORTE,2310605
1515,PENTECOSTE,2310704
1517,PEREIRO,2310803
1519,PIQUET CARNEIRO,2310902
1521,PORANGA,2311009
1523,PORTEIRAS,2311108
1525,POTENGI,2311207
1527,QUIXADA,2311306
1529,QUIXERAMOBIM,2311405
1531,QUIXERE,2311504
1533,REDENCAO,2311603
1535,RERIUTABA,2311702
1537,RUSSAS,2311801
1539,SABOEIRO,2311900
1541,SANTANA DO ACARAU,2312007
1543,SANTANA DO CARIRI,2312106
1545,SANTA QUITERIA,2312205
1547,SAO BENEDITO,2312304
1549,SAO GONCALO DO AMARANTE,2312403
1551,SAO JOAO DO JAGUARIBE,2312502
1553,SAO LUIS DO CURU,2312601
1555,SENADOR POMPEU,2312700
1557,SENADOR SA,2312809
1559,SOBRAL,2312908
1561,SOLONOPOLE,2313005
1563,TABULEIRO DO NORTE,2313104
1565,TAMBORIL,2313203
1567,TAUA,2313302
1569,TIANGUA,2313401
1571,TRAIRI,2313500
1573,UBAJARA,2313609
1575,UMARI,2313708
1577,URUBURETAMA,2313807
1579,URUOCA,2313906
1581,VARZEA ALEGRE,2314003
1583,VICOSA DO CEARA,2314102
1585,MARACANAU,2307650
1587,AMONTADA,2300754
1589,CRUZ,2304251
1591,FORQUILHA,2304350
1593,ICAPUI,2305357
1595,ITAREMA,2306553
1597,MILHA,2308351
1599,PARAIPABA,2310258
1601,ACARI,2400109
1603,ASSU,2400208
1605,AFONSO BEZERRA,2400307
1607,AGUA NOVA,2400406
1609,ALEXANDRIA,2400505
1611,ALMINO AFONSO,2400604
1613,ALTO DO RODRIGUES,2400703
1615,ANGICOS,2400802
1617,ANTONIO MARTINS,2400901
1619,APODI,2401008
1621,AREIA BRANCA,2401107
1623,ARES,2401206
1625,CAMPO GRANDE,2401305
1627,BAIA FORMOSA,2401404
1629,BARCELONA,2401503
1631,BENTO FERNANDES,2401602
1633,BOM JESUS,2401701
1635,BREJINHO,2401800
1637,CAICARA DO RIO DO VENTO,2401909
1639,CAICO,2402006
1641,CAMPO REDONDO,2402105
1643,CANGUARETAMA,2402204
1645,CARAUBAS,2402303
1647,CARNAUBA DOS DANTAS,2402402
1649,CARNAUBAIS,2402501
1651,CEARA-MIRIM,2402600
1653,CERRO CORA,2402709
1655,CORONEL EZEQUIEL,2402808
1657,CORONEL JOAO PESSOA,2402907
1659,CRUZETA,2403004
1661,CURRAIS NOVOS,2403103
1663,DOUTOR SEVERIANO,2403202
1665,ENCANTO,2403301
1667,EQUADOR,2403400
1669,ESPIRITO SANTO,2403509
1671,EXTREMOZ,2403608
1673,FELIPE GUERRA,2403707
1675,FLORANIA,2403806
1677,FRANCISCO DANTAS,2403905
1679,GALINHOS,2404101
1681,GOIANINHA,2404200
1683,GOVERNADOR DIX-SEPT ROSADO,2404309
1685,GROSSOS,2404408
1687,GUAMARE,2404507
1689,IELMO MARINHO,2404606
1691,IPANGUACU,2404705
1693,IPUEIRA,2404804
1695,ITAU,2404903
1697,JACANA,2405009
1699,JANDAIRA,2405108
1701,JANDUIS,2405207
1703,BOA SAUDE,2405306
1705,JAPI,2405405
1707,JARDIM DE ANGICOS,2405504
1709,JARDIM DE PIRANHAS,2405603
1711,JARDIM DO SERIDO,2405702
1713,JOAO CAMARA,2405801
1715,JOAO DIAS,2405900
1717,JOSE DA PENHA,2406007
1719,JUCURUTU,2406106
1721,MESSIAS TARGINO,2407609
1723,LAGOA D'ANTA,2406205
1725,LAGOA DE PEDRAS,2406304
1727,LAGOA DE VELHOS,2406403
1729,LAGOA NOVA,2406502
1731,LAGOA SALGADA,2406601
1733,LAJES,2406700
1735,LAJES PINTADAS,2406809
1737,LUCRECIA,2406908
1739,LUIS GOMES,2407005
1741,MACAIBA,2407104
1743,MACAU,2407203
1745,MARCELINO VIEIRA,2407302
1747,MARTINS,2407401
1749,MAXARANGUAPE,2407500
1751,FRUTUOSO GOMES,2404002
1753,MONTANHAS,2407708
1755,MONTE ALEGRE,2407807
1757,MONTE DAS GAMELEIRAS,2407906
1759,MOSSORO,2408003
1761,NATAL,2408102
1763,NISIA FLORESTA,2408201
1765,NOVA CRUZ,2408300
1767,OLHO D'AGUA DO BORGES,2408409
1769,OURO BRANCO,2408508
1771,PARANA,2408607
1773,PARAU,2408706
1775,PARAZINHO,2408805
1777,PARELHAS,2408904
1779,PARNAMIRIM,2403251
1781,PASSA E FICA,2409100
1783,PASSAGEM,2409209
1785,PATU,2409308
1787,PAU DOS FERROS,2409407
1789,PEDRA GRANDE,2409506
1791,PEDRA PRETA,2409605
1793,PEDRO AVELINO,2409704
1795,PEDRO VELHO,2409803
1797,PENDENCIAS,2409902
1799,PILOES,2410009
1801,POCO BRANCO,2410108
1803,PORTALEGRE,2410207
1805,SERRA CAIADA,2410306
1807,PUREZA,2410405
1809,RAFAEL FERNANDES,2410504
1811,RIACHO DA CRUZ,2410702
1813,RIACHO DE SANTANA,2410801
1815,RIACHUELO,2410900
1817,RODOLFO FERNANDES,2411007
1819,RUY BARBOSA,2411106
1821,SAO FRANCISCO DO OESTE,2411908
1823,SANTA CRUZ,2411205
1825,SANTANA DO SERIDO,2411429
1827,SANTANA DO MATOS,2411403
1829,SANTO ANTONIO,2411502
1831,SAO BENTO DO NORTE,2411601
1833,SAO BENTO DO TRAIRI,2411700
1835,SAO FERNANDO,2411809
1837,SAO GONCALO DO AMARANTE,2412005
1839,SAO JOAO DO SABUGI,2412104
1841,SAO JOSE DE MIPIBU,2412203
1843,SAO JOSE DO CAMPESTRE,2412302
1845,SAO JOSE DO SERIDO,2412401
1847,SAO MIGUEL,2412500
1849,SAO PAULO DO POTENGI,2412609
1851,SAO PEDRO,2412708
1853,SAO RAFAEL,2412807
1855,SAO TOME,2412906
1857,SAO VICENTE,2413003
1859,SENADOR ELOI DE SOUZA,2413102
1861,SENADOR GEORGINO AVELINO,2413201
1863,SERRA DE SAO BENTO,2413300
1865,SERRA NEGRA DO NORTE,2413409
1867,SERRINHA,2413508
1869,SEVERIANO MELO,2413607
1871,SITIO NOVO,2413706
1873,TABOLEIRO GRANDE,2413805
1875,TAIPU,2413904
1877,TANGARA,2414001
1879,TENENTE ANANIAS,2414100
1881,TIBAU DO SUL,2414209
1883,TIMBAUBA DOS BATISTAS,2414308
1885,TOUROS,2414407
1887,UMARIZAL,2414506
1889,UPANEMA,2414605
1891,VARZEA,2414704
1893,RAFAEL GODEIRO,2410603
1895,VERA CRUZ,2414803
1897,VICOSA,2414902
1899,VILA FLOR,2415008
1901,AGUA BRANCA,2500106
1903,AGUIAR,2500205
1905,ALAGOA GRANDE,2500304
1907,ALAGOA NOVA,2500403
1909,ALAGOINHA,2500502
1911,ALHANDRA,2500601
1913,SAO JOAO DO RIO DO PEIXE,2500700
1915,ARACAGI,2500809
1917,ARARA,2500908
1919,ARARUNA,2501005
1921,AREIA,2501104
1923,AREIAL,2501203
1925,AROEIRAS,2501302
1927,SERRA DO MEL,2413359
1929,BAIA DA TRAICAO,2501401
1931,BANANEIRAS,2501500
1933,BARRA DE SANTA ROSA,2501609
1935,BARRA DE SAO MIGUEL,2501708
1937,BAYEUX,2501807
1939,BELEM,2501906
1941,BELEM DO BREJO DO CRUZ,2502003
1943,BOA VENTURA,2502102
1945,BOM JESUS,2502201
1947,BOM SUCESSO,2502300
1949,BONITO DE SANTA FE,2502409
1951,BOQUEIRAO,2502508
1953,IGARACY,2502607
1955,BORBOREMA,2502706
1957,BREJO DO CRUZ,2502805
1959,BREJO DOS SANTOS,2502904
1961,CAAPORA,2503001
1963,CABACEIRAS,2503100
1965,CABEDELO,2503209
1967,CACHOEIRA DOS INDIOS,2503308
1969,CACIMBA DE AREIA,2503407
1971,CACIMBA DE DENTRO,2503506
1973,CAICARA,2503605
1975,CAJAZEIRAS,2503704
1977,CALDAS BRANDAO,2503803
1979,CAMALAU,2503902
1981,CAMPINA GRANDE,2504009
1983,CARRAPATEIRA,2504108
1985,CATINGUEIRA,2504207
1987,CATOLE DO ROCHA,2504306
1989,CONCEICAO,2504405
1991,CONDADO,2504504
1993,CONDE,2504603
1995,CONGO,2504702
1997,COREMAS,2504801
1999,CRUZ DO ESPIRITO SANTO,2504900
2001,CUBATI,2505006
2003,CUITE,2505105
2005,CUITEGI,2505204
2007,CURRAL VELHO,2505303
2009,DESTERRO,2505402
2011,VISTA SERRANA,2505501
2013,DIAMANTE,2505600
2015,DONA INES,2505709
2017,DUAS ESTRADAS,2505808
2019,EMAS,2505907
2021,ESPERANCA,2506004
2023,FAGUNDES,2506103
2025,FREI MARTINHO,2506202
2027,GUARABIRA,2506301
2029,GURINHEM,2506400
2031,GURJAO,2506509
2033,IBIARA,2506608
2035,IMACULADA,2506707
2037,INGA,2506806
2039,ITABAIANA,2506905
2041,ITAPORANGA,2507002
2043,ITAPOROROCA,2507101
2045,ITATUBA,2507200
2047,JACARAU,2507309
2049,JERICO,2507408
2051,JOAO PESSOA,2507507
2053,JUAREZ TAVORA,2507606
2055,JUAZEIRINHO,2507705
2057,JUNCO DO SERIDO,2507804
2059,JURIPIRANGA,2507903
2061,JURU,2508000
2063,LAGOA,2508109
2065,LAGOA DE DENTRO,2508208
2067,LAGOA SECA,2508307
2069,LASTRO,2508406
2071,LIVRAMENTO,2508505
2073,LUCENA,2508604
2075,MAE D'AGUA,2508703
2077,MALTA,2508802
2079,MAMANGUAPE,2508901
2081,MANAIRA,2509008
2083,MARI,2509107
2085,MASSARANDUBA,2509206
2087,MATARACA,2509305
2089,MOGEIRO,2509404
2091,MONTADAS,2509503
2093,MONTE HOREBE,2509602
2095,MONTEIRO,2509701
2097,MULUNGU,2509800
2099,NATUBA,2509909
2101,NAZAREZINHO,2510006
2103,NOVA FLORESTA,2510105
2105,NOVA OLINDA,2510204
2107,NOVA PALMEIRA,2510303
2109,OLHO D'AGUA,2510402
2111,OLIVEDOS,2510501
2113,OURO VELHO,2510600
2115,PASSAGEM,2510709
2117,PATOS,2510808
2119,PAULISTA,2510907
2121,PEDRA BRANCA,2511004
2123,PEDRA LAVRADA,2511103
2125,PEDRAS DE FOGO,2511202
2127,PIANCO,2511301
2129,PICUI,2511400
2131,PILAR,2511509
2133,PILOES,2511608
2135,PILOEZINHOS,2511707
2137,PIRPIRITUBA,2511806
2139,PITIMBU,2511905
2141,POCINHOS,2512002
2143,POMBAL,2512101
2145,PRATA,2512200
2147,PRINCESA ISABEL,2512309
2149,PUXINANA,2512408
2151,QUEIMADAS,2512507
2153,QUIXABA,2512606
2155,REMIGIO,2512705
2157,RIACHO DOS CAVALOS,2512804
2159,RIO TINTO,2512903
2161,SALGADINHO,2513000
2163,SALGADO DE SAO FELIX,2513109
2165,SANTA CRUZ,2513208
2167,SANTA HELENA,2513307
2169,SANTA LUZIA,2513406
2171,SANTANA DE MANGUEIRA,2513505
2173,SANTANA DOS GARROTES,2513604
2175,SANTA RITA,2513703
2177,SANTA TERESINHA,2513802
2179,SAO BENTO,2513901
2181,SAO JOAO DO CARIRI,2514008
2183,SAO JOAO DO TIGRE,2514107
2185,SAO JOSE DA LAGOA TAPADA,2514206
2187,SAO JOSE DE CAIANA,2514305
2189,SAO JOSE DE ESPINHARAS,2514404
2191,SAO JOSE DE PIRANHAS,2514503
2193,SAO JOSE DO BONFIM,2514602
2195,SAO JOSE DO SABUGI,2514701
2197,SAO JOSE DOS CORDEIROS,2514800
2199,SAO MAMEDE,2514909
2201,SAO MIGUEL DE TAIPU,2515005
2203,SAO SEBASTIAO DE LAGOA DE ROCA,2515104
2205,SAO SEBASTIAO DO UMBUZEIRO,2515203
2207,SAPE,2515302
2209,SAO VICENTE DO SERIDO,2515401
2211,SERRA BRANCA,2515500
2213,SERRA DA RAIZ,2515609
2215,SERRA GRANDE,2515708
2217,SERRA REDONDA,2515807
2219,SERRARIA,2515906
2221,SOLANEA,2516003
2223,SOLEDADE,2516102
2225,SOUSA,2516201
2227,SUME,2516300
2229,TACIMA,2516409
2231,TAPEROA,2516508
2233,TAVARES,2516607
2235,TEIXEIRA,2516706
2237,TRIUNFO,2516805
2239,UIRAUNA,2516904
2241,UMBUZEIRO,2517001
2243,VARZEA,2517100
2245,BAIXA GRANDE DO RIBEIRO,2201150
2247,CANAVIEIRA,2202251
2249,COLONIA DO GURGUEIA,2202752
2251,BONFIM DO PIAUI,2201929
2253,COLONIA DO PIAUI,2202778
2255,CORONEL JOSE DIAS,2202851
2257,FARTURA DO PIAUI,2203750
2259,LAGOA DO BARRO DO PIAUI,2205565
2261,SANTA ROSA DO PIAUI,2209377
2263,SAO BRAZ DO PIAUI,2209559
2265,SAO LOURENCO DO PIAUI,2210359
2267,VARZEA BRANCA,2211357
2269,ALEGRETE DO PIAUI,2200277
2271,CALDEIRAO GRANDE DO PIAUI,2202091
2273,JACOBINA DO PIAUI,2205151
2275,MARCOLANDIA,2205953
2277,PATOS DO PIAUI,2207777
2279,QUEIMADA NOVA,2208650
2281,SANTANA DO PIAUI,2209351
2283,BRASILEIRA,2201960
2285,SAO JOSE DO DIVINO,2210052
2287,BOM PRINCIPIO DO PIAUI,2201919
2289,LAGOA DO CARRO,2608453
2291,VERTENTE DO LERIO,2616183
2293,XEXEU,2616506
2295,JUCATI,2608255
2297,SANTA CRUZ,2612455
2299,DORMENTES,2605152
2301,AFOGADOS DA INGAZEIRA,2600104
2303,AFRANIO,2600203
2305,AGRESTINA,2600302
2307,AGUA PRETA,2600401
2309,AGUAS BELAS,2600500
2311,ALAGOINHA,2600609
2313,ALIANCA,2600708
2315,ALTINHO,2600807
2317,AMARAJI,2600906
2319,ANGELIM,2601003
2321,ARARIPINA,2601102
2323,ARCOVERDE,2601201
2325,BARRA DE GUABIRABA,2601300
2327,BARREIROS,2601409
2329,BELEM DE MARIA,2601508
2331,BELEM DO SAO FRANCISCO,2601607
2333,BELO JARDIM,2601706
2335,BETANIA,2601805
2337,BEZERROS,2601904
2339,BODOCO,2602001
2341,BOM CONSELHO,2602100
2343,BOM JARDIM,2602209
2345,BONITO,2602308
2347,BREJAO,2602407
2349,BREJINHO,2602506
2351,BREJO DA MADRE DE DEUS,2602605
2353,BUENOS AIRES,2602704
2355,BUIQUE,2602803
2357,CABO DE SANTO AGOSTINHO,2602902
2359,CABROBO,2603009
2361,CACHOEIRINHA,2603108
2363,CAETES,2603207
2365,CALCADO,2603306
2367,CALUMBI,2603405
2369,CAMOCIM DE SAO FELIX,2603504
2371,CAMUTANGA,2603603
2373,CANHOTINHO,2603702
2375,CAPOEIRAS,2603801
2377,CARNAIBA,2603900
2379,CARPINA,2604007
2381,CARUARU,2604106
2383,CATENDE,2604205
2385,CEDRO,2604304
2387,CHA DE ALEGRIA,2604403
2389,CHA GRANDE,2604502
2391,CONDADO,2604601
2393,CORRENTES,2604700
2395,CORTES,2604809
2397,CUMARU,2604908
2399,CUPIRA,2605004
2401,CUSTODIA,2605103
2403,ESCADA,2605202
2405,EXU,2605301
2407,FEIRA NOVA,2605400
2409,FERREIROS,2605509
2411,FLORES,2605608
2413,FLORESTA,2605707
2415,FREI MIGUELINHO,2605806
2417,GAMELEIRA,2605905
2419,GARANHUNS,2606002
2421,GLORIA DO GOITA,2606101
2423,GOIANA,2606200
2425,GRANITO,2606309
2427,GRAVATA,2606408
2429,IATI,2606507
2431,IBIMIRIM,2606606
2433,IBIRAJUBA,2606705
2435,IGARASSU,2606804
2437,IGUARACY,2606903
2439,INAJA,2607000
2441,INGAZEIRA,2607109
2443,IPOJUCA,2607208
2445,IPUBI,2607307
2447,ITACURUBA,2607406
2449,ITAIBA,2607505
2451,ILHA DE ITAMARACA,2607604
2453,ITAPETIM,2607703
2455,ITAQUITINGA,2607802
2457,JABOATAO DOS GUARARAPES,2607901
2459,JATAUBA,2608008
2461,JOAO ALFREDO,2608107
2463,JOAQUIM NABUCO,2608206
2465,JUPI,2608305
2467,JUREMA,2608404
2469,LAGOA DE ITAENGA,2608503
2471,LAGOA DO OURO,2608602
2473,LAGOA DOS GATOS,2608701
2475,LAJEDO,2608800
2477,LIMOEIRO,2608909
2479,MACAPARANA,2609006
2481,MACHADOS,2609105
2483,MARAIAL,2609204
2485,MIRANDIBA,2609303
2489,NAZARE DA MATA,2609501
2491,OLINDA,2609600
2493,OROBO,2609709
2495,OROCO,2609808
2497,OURICURI,2609907
2499,PALMARES,2610004
2501,PALMEIRINA,2610103
2503,PANELAS,2610202
2505,PARANATAMA,2610301
2507,PARNAMIRIM,2610400
2509,PASSIRA,2610509
2511,PAUDALHO,2610608
2513,PAULISTA,2610707
2515,PEDRA,2610806
2517,PESQUEIRA,2610905
2519,PETROLANDIA,2611002
2521,PETROLINA,2611101
2523,POCAO,2611200
2525,POMBOS,2611309
2527,PRIMAVERA,2611408
2529,QUIPAPA,2611507
2531,RECIFE,2611606
2533,RIACHO DAS ALMAS,2611705
2535,RIBEIRAO,2611804
2537,RIO FORMOSO,2611903
2539,SAIRE,2612000
2541,SALGADINHO,2612109
2543,SALGUEIRO,2612208
2545,SALOA,2612307
2547,SANHARO,2612406
2549,SANTA CRUZ DO CAPIBARIBE,2612505
2551,SANTA MARIA DA BOA VISTA,2612604
2553,SANTA MARIA DO CAMBUCA,2612703
2555,SANTA TEREZINHA,2612802
2557,SAO BENEDITO DO SUL,2612901
2559,SAO BENTO DO UNA,2613008
2561,SAO CAITANO,2613107
2563,SAO JOAO,2613206
2565,SAO JOAQUIM DO MONTE,2613305
2567,SAO JOSE DA COROA GRANDE,2613404
2569,SAO JOSE DO BELMONTE,2613503
2571,SAO JOSE DO EGITO,2613602
2573,SAO LOURENCO DA MATA,2613701
2575,SAO VICENTE FERRER,2613800
2577,SERRA TALHADA,2613909
2579,SERRITA,2614006
2581,SERTANIA,2614105
2583,SIRINHAEM,2614204
2585,MOREILANDIA,2614303
2587,SOLIDAO,2614402
2589,SURUBIM,2614501
2591,TABIRA,2614600
2593,TACAIMBO,2614709
2595,TACARATU,2614808
2597,ITAMBE,2607653
2599,TAQUARITINGA DO NORTE,2615003
2601,TEREZINHA,2615102
2603,TERRA NOVA,2615201
2605,TIMBAUBA,2615300
2607,TORITAMA,2615409
2609,TRACUNHAEM,2615508
2611,TRINDADE,2615607
2613,TRIUNFO,2615706
2615,TUPANATINGA,2615805
2617,TUPARETAMA,2615904
2619,VENTUROSA,2616001
2621,VERDEJANTE,2616100
2623,VERTENTES,2616209
2625,VICENCIA,2616308
2627,VITORIA DE SANTO ANTAO,2616407
2629,CAMARAGIBE,2603454
2631,ABREU E LIMA,2600054
2633,ITAPISSUMA,2607752
2635,CARNAUBEIRA DA PENHA,2603926
2637,QUIXABA,2611533
2639,SANTA CRUZ DA BAIXA VERDE,2612471
2641,PARIPUEIRA,2706448
2643,ESTRELA DE ALAGOAS,2702553
2645,PARICONHA,2706422
2647,SANTANA DO SAO FRANCISCO,2806404
2649,SAO JOSE DA LAPA,3162955
2651,CAPITAO ANDRADE,3112653
2653,CATUJI,3115458
2655,JAMPRUCA,3135076
2657,DIVISOPOLIS,3122454
2659,MATA VERDE,3140555
2661,PALMOPOLIS,3146750
2663,ENTRE FOLHAS,3123858
2665,IPABA,3131158
2667,SANTA BARBARA DO LESTE,3157252
2669,SANTA RITA DE MINAS,3159357
2671,UBAPORANGA,3170057
2673,SANTANA DO PARAISO,3158953
2675,DURANDE,3123528
2677,SAO JOAO DO MANHUACU,3162559
2679,SAO JOAO DO MANTENINHA,3162575
2681,ALFREDO VASCONCELOS,3101631
2683,FERVEDOURO,3125952
2685,CARNEIRINHO,3114550
2687,LIMEIRA DO OESTE,3138625
2689,SENADOR AMARAL,3165578
2691,JUATUBA,3136652
2693,ICARAI DE MINAS,3130051
2695,LONTRA,3138658
2697,MONTEZUMA,3143450
2699,URUCUIA,3170529
2701,AGUA BRANCA,2700102
2703,ANADIA,2700201
2705,ARAPIRACA,2700300
2707,ATALAIA,2700409
2709,BARRA DE SANTO ANTONIO,2700508
2711,BARRA DE SAO MIGUEL,2700607
2713,BATALHA,2700706
2715,BELEM,2700805
2717,BELO MONTE,2700904
2719,BOCA DA MATA,2701001
2721,BRANQUINHA,2701100
2723,CACIMBINHAS,2701209
2725,CAJUEIRO,2701308
2727,CAMPO ALEGRE,2701407
2729,CAMPO GRANDE,2701506
2731,CANAPI,2701605
2733,CAPELA,2701704
2735,CARNEIROS,2701803
2737,CHA PRETA,2701902
2739,COITE DO NOIA,2702009
2741,COLONIA LEOPOLDINA,2702108
2743,COQUEIRO SECO,2702207
2745,CORURIPE,2702306
2747,DELMIRO GOUVEIA,2702405
2749,DOIS RIACHOS,2702504
2751,FEIRA GRANDE,2702603
2753,FELIZ DESERTO,2702702
2755,FLEXEIRAS,2702801
2757,GIRAU DO PONCIANO,2702900
2759,IBATEGUARA,2703007
2761,IGACI,2703106
2763,IGREJA NOVA,2703205
2765,INHAPI,2703304
2767,JACARE DOS HOMENS,2703403
2769,JACUIPE,2703502
2771,JAPARATINGA,2703601
2773,JARAMATAIA,2703700
2775,JOAQUIM GOMES,2703809
2777,JUNDIA,2703908
2779,JUNQUEIRO,2704005
2781,LAGOA DA CANOA,2704104
2783,LIMOEIRO DE ANADIA,2704203
2785,MACEIO,2704302
2787,MAJOR ISIDORO,2704401
2789,MARAGOGI,2704500
2791,MARAVILHA,2704609
2793,MARECHAL DEODORO,2704708
2795,MARIBONDO,2704807
2797,MAR VERMELHO,2704906
2799,MATA GRANDE,2705002
2801,MATRIZ DE CAMARAGIBE,2705101
2803,MESSIAS,2705200
2805,MINADOR DO NEGRAO,2705309
2807,MONTEIROPOLIS,2705408
2809,MURICI,2705507
2811,NOVO LINO,2705606
2813,OLHO D'AGUA DAS FLORES,2705705
2815,OLHO D'AGUA DO CASADO,2705804
2817,OLHO D'AGUA GRANDE,2705903
2819,OLIVENCA,2706000
2821,OURO BRANCO,2706109
2823,PALESTINA,2706208
2825,PALMEIRA DOS INDIOS,2706307
2827,PAO DE ACUCAR,2706406
2829,PASSO DE CAMARAGIBE,2706505
2831,PAULO JACINTO,2706604
2833,PENEDO,2706703
2835,PIACABUCU,2706802
2837,PILAR,2706901
2839,PINDOBA,2707008
2841,PIRANHAS,2707107
2843,POCO DAS TRINCHEIRAS,2707206
2845,PORTO CALVO,2707305
2847,PORTO DE PEDRAS,2707404
2849,PORTO REAL DO COLEGIO,2707503
2851,QUEBRANGULO,2707602
2853,RIO LARGO,2707701
2855,ROTEIRO,2707800
2857,SANTA LUZIA DO NORTE,2707909
2859,SANTANA DO IPANEMA,2708006
2861,SANTANA DO MUNDAU,2708105
2863,SAO BRAS,2708204
2865,SAO JOSE DA LAJE,2708303
2867,SAO JOSE DA TAPERA,2708402
2869,SAO LUIS DO QUITUNDE,2708501
2871,SAO MIGUEL DOS CAMPOS,2708600
2873,SAO MIGUEL DOS MILAGRES,2708709
2875,SAO SEBASTIAO,2708808
2877,SATUBA,2708907
2879,TANQUE D'ARCA,2709004
2881,TAQUARANA,2709103
2883,TRAIPU,2709202
2885,UNIAO DOS PALMARES,2709301
2887,VICOSA,2709400
2889,CRAIBAS,2702355
2891,SENADOR RUI PALMEIRA,2708956
2893,JAIBA,3135050
2895,MAMONAS,3139250
2897,MATIAS CARDOSO,3140852
2899,PEDRAS DE MARIA DA CRUZ,3149150
2901,RIACHINHO,3154457
2903,ARAPORA,3103751
2905,LAGOA GRANDE,3137536
2907,GUAPIMIRIM,3301850
2909,BELFORD ROXO,3300456
2911,QUEIMADOS,3304144
2913,JAPERI,3302270
2915,CARDOSO MOREIRA,3301157
2917,VARRE-SAI,3306156
2919,APERIBE,3300159
2921,RIO DAS OSTRAS,3304524
2923,QUATIS,3304128
2925,AREAL,3300225
2927,COMENDADOR LEVY GASPARIAN,3300951
2929,MARECHAL FLORIANO,3203346
2931,IRUPI,3202652
2933,SAO DOMINGOS DO NORTE,3204658
2935,VILA PAVAO,3205150
2937,LOURDES,3527256
2939,SANTO ANTONIO DO ARACANGUA,3548054
2941,SAO JOAO DE IRACEMA,3549250
2943,ILHA SOLTEIRA,3520442
2945,SUZANAPOLIS,3552551
2947,CANITAR,3510153
2949,ENGENHEIRO COELHO,3515152
2951,HORTOLANDIA,3519071
2953,HOLAMBRA,3519055
2955,TUIUTI,3554953
2957,VARGEM,3556354
2959,ESTIVA GERBI,3557303
2961,EMILIANOPOLIS,3515129
2963,PEDRINHAS PAULISTA,3537156
2965,BERTIOGA,3506359
2967,CAJATI,3509254
2969,ILHA COMPRIDA,3520426
2971,UBARANA,3555356
2973,ZACARIAS,3557154
2975,ELISIARIO,3514924
2977,MARAPOAMA,3528858
2979,NOVAIS,3533254
2981,ASPASIA,3503950
2983,MESOPOLIS,3529658
2985,NOVA CANAA PAULISTA,3532843
2987,PONTALINDA,3540259
2989,PARISI,3536257
2991,ARAPEI,3503158
2993,POTIM,3540754
2995,ALAMBARI,3500758
2997,BARRA DO CHAPEU,3505351
2999,CAMPINA DO MONTE ALEGRE,3509452
3001,FERNANDO DE NORONHA,2605459
3003,BARAUNA,2401453
3005,MUQUEM DE SAO FRANCISCO,2922250
3007,NOVA FATIMA,2922730
3009,NOVA IBIA,2922755
3011,NOVA REDENCAO,2922854
3013,NOVO HORIZONTE,2923035
3015,NOVO TRIUNFO,2923050
3017,OUROLANDIA,2923357
3019,PIRAI DO NORTE,2924678
3021,PONTO NOVO,2925253
3023,PRESIDENTE TANCREDO NEVES,2925758
3025,QUIXABEIRA,2925931
3027,RIBEIRAO DO LARGO,2926657
3029,SAO DOMINGOS,2928950
3031,SAO FELIX DO CORIBE,2929057
3033,SAO JOSE DO JACUIPE,2929370
3035,SAO JOSE DA VITORIA,2929354
3037,SAUBARA,2929750
3039,SERRA DO RAMALHO,2930154
3041,SITIO DO MATO,2930758
3043,SITIO DO QUINTO,2930766
3045,SOBRADINHO,2930774
3047,UMBURANAS,2932457
3049,VARZEDO,2933174
3051,VEREDA,2933257
3053,ITAOCA,3522158
3055,ITAPIRAPUA PAULISTA,3522653
3057,RIBEIRAO GRANDE,3543253
3059,BOM SUCESSO DE ITARARE,3507159
3061,NOVA CAMPINA,3532827
3063,TAQUARIVAI,3553856
3065,ALUMINIO,3501152
3067,ARACARIGUAMA,3502754
3069,JUSSARI,2918555
3071,AMERICA DOURADA,2901155
3073,ARATACA,2902252
3075,BARRO ALTO,2903235
3079,BURITIRAMA,2904753
3081,CAPELA DO ALTO ALEGRE,2906857
3083,CAPIM GROSSO,2906873
3085,CANUDOS,2906824
3087,DIAS D'AVILA,2910057
3089,FATIMA,2910750
3091,FILADELFIA,2910859
3093,GAVIAO,2911253
3095,GUAJERU,2911659
3097,HELIOPOLIS,2911857
3099,JOAO DOURADO,2918357
3101,AMPARO DE SAO FRANCISCO,2800100
3103,AQUIDABA,2800209
3105,ARACAJU,2800308
3107,ARAUA,2800407
3109,AREIA BRANCA,2800506
3111,BARRA DOS COQUEIROS,2800605
3113,BREJO GRANDE,2800704
3115,BOQUIM,2800670
3117,EUNAPOLIS,2910727
3119,CAMPO DO BRITO,2801009
3121,CANHOBA,2801108
3123,CANINDE DE SAO FRANCISCO,2801207
3125,CAPELA,2801306
3127,CARIRA,2801405
3129,CARMOPOLIS,2801504
3131,CEDRO DE SAO JOAO,2801603
3133,CRISTINAPOLIS,2801702
3135,NOSSA SENHORA APARECIDA,2804458
3137,CUMBE,2801900
3139,DIVINA PASTORA,2802007
3141,ESTANCIA,2802106
3143,FEIRA NOVA,2802205
3145,FREI PAULO,2802304
3147,GENERAL MAYNARD,2802502
3149,GARARU,2802403
3151,GRACCHO CARDOSO,2802601
3153,ILHA DAS FLORES,2802700
3155,INDIAROBA,2802809
3157,ITABAIANA,2802908
3159,ITABAIANINHA,2803005
3161,ITABI,2803104
3163,ITAPORANGA D'AJUDA,2803203
3165,JAPARATUBA,2803302
3167,JAPOATA,2803401
3169,LAGARTO,2803500
3171,LARANJEIRAS,2803609
3173,MACAMBIRA,2803708
3175,MALHADA DOS BOIS,2803807
3177,MALHADOR,2803906
3179,MARUIM,2804003
3181,MOITA BONITA,2804102
3183,MONTE ALEGRE DE SERGIPE,2804201
3185,MURIBECA,2804300
3187,NEOPOLIS,2804409
3189,NOSSA SENHORA DA GLORIA,2804508
3191,NOSSA SENHORA DAS DORES,2804607
3193,NOSSA SENHORA DE LOURDES,2804706
3195,NOSSA SENHORA DO SOCORRO,2804805
3197,PACATUBA,2804904
3199,PEDRA MOLE,2805000
3201,PEDRINHAS,2805109
3203,PINHAO,2805208
3205,PIRAMBU,2805307
3207,POCO REDONDO,2805406
3209,POCO VERDE,2805505
3211,PORTO DA FOLHA,2805604
3213,PROPRIA,2805703
3215,RIACHAO DO DANTAS,2805802
3217,RIACHUELO,2805901
3219,RIBEIROPOLIS,2806008
3221,ROSARIO DO CATETE,2806107
3223,SALGADO,2806206
3225,SANTA LUZIA DO ITANHY,2806305
3227,TORRE DE PEDRA,3554656
3229,SANTA ROSA DE LIMA,2806503
3231,SANTO AMARO DAS BROTAS,2806602
3233,SAO CRISTOVAO,2806701
3235,SAO DOMINGOS,2806800
3237,SAO FRANCISCO,2806909
3239,SAO MIGUEL DO ALEIXO,2807006
3241,SIMAO DIAS,2807105
3243,SIRIRI,2807204
3245,TELHA,2807303
3247,TOBIAS BARRETO,2807402
3249,TOMAR DO GERU,2807501
3251,UMBAUBA,2807600
3253,ADUSTINA,2900355
3255,ANDORINHA,2901353
3257,APUAREMA,2901957
3259,ARACAS,2902054
3261,BANZAE,2902658
3263,BOM JESUS DA SERRA,2903953
3265,BONITO,2904050
3267,CABACEIRAS DO PARAGUACU,2904852
3269,CAETANOS,2905156
3271,CARAIBAS,2906899
3273,CATURAMA,2907558
3275,FEIRA DA MATA,2910776
3277,IGRAPIUNA,2913457
3279,ITABELA,2914653
3281,ITAGUACU DA BAHIA,2915353
3283,ITATIM,2916856
3285,IUIU,2917334
3287,JUCURUCU,2918456
3289,LAGOA REAL,2918753
3291,LAJEDO DO TABOCAL,2919058
3293,MADRE DE DEUS,2919926
3295,MATINA,2921054
3297,MIRANTE,2921450
3299,MULUNGU DO MORRO,2922052
3301,ABAIRA,2900108
3303,ABARE,2900207
3305,ACAJUTIBA,2900306
3307,AGUA FRIA,2900405
3309,ERICO CARDOSO,2900504
3311,AIQUARA,2900603
3313,ALAGOINHAS,2900702
3315,ALCOBACA,2900801
3317,ALMADINA,2900900
3319,AMARGOSA,2901007
3321,AMELIA RODRIGUES,2901106
3323,ANAGE,2901205
3325,ANDARAI,2901304
3327,ANGICAL,2901403
3329,ANGUERA,2901502
3331,ANTAS,2901601
3333,ANTONIO CARDOSO,2901700
3335,ANTONIO GONCALVES,2901809
3337,APORA,2901908
3339,ARACATU,2902005
3341,ARACI,2902104
3343,ARAMARI,2902203
3345,ARATUIPE,2902302
3347,AURELINO LEAL,2902401
3349,BAIANOPOLIS,2902500
3351,BAIXA GRANDE,2902609
3353,BARRA,2902708
3355,BARRA DA ESTIVA,2902807
3357,BARRA DO CHOCA,2902906
3359,BARRA DO MENDES,2903003
3361,BARRA DO ROCHA,2903102
3363,BARREIRAS,2903201
3365,BARRO PRETO,2903300
3367,BELMONTE,2903409
3369,BELO CAMPO,2903508
3371,BIRITINGA,2903607
3373,BOA NOVA,2903706
3375,BOA VISTA DO TUPIM,2903805
3377,BOM JESUS DA LAPA,2903904
3379,BONINAL,2904001
3381,BOQUIRA,2904100
3383,BOTUPORA,2904209
3385,BREJOES,2904308
3387,BREJOLANDIA,2904407
3389,BROTAS DE MACAUBAS,2904506
3391,BRUMADO,2904605
3393,BUERAREMA,2904704
3395,CAATIBA,2904803
3397,CACHOEIRA,2904902
3399,CACULE,2905008
3401,CAEM,2905107
3403,CAETITE,2905206
3405,CAFARNAUM,2905305
3407,CAIRU,2905404
3409,CALDEIRAO GRANDE,2905503
3411,CAMACAN,2905602
3413,CAMACARI,2905701
3415,CAMAMU,2905800
3417,CAMPO ALEGRE DE LOURDES,2905909
3419,CAMPO FORMOSO,2906006
3421,CANAPOLIS,2906105
3423,CANARANA,2906204
3425,CANAVIEIRAS,2906303
3427,CANDEAL,2906402
3429,CANDEIAS,2906501
3431,CANDIBA,2906600
3433,CANDIDO SALES,2906709
3435,CANSANCAO,2906808
3437,CARAVELAS,2906907
3439,CARDEAL DA SILVA,2907004
3441,CARINHANHA,2907103
3443,CASA NOVA,2907202
3445,CASTRO ALVES,2907301
3447,CATOLANDIA,2907400
3449,CATU,2907509
3451,CENTRAL,2907608
3453,CHORROCHO,2907707
3455,CICERO DANTAS,2907806
3457,CIPO,2907905
3459,COARACI,2908002
3461,COCOS,2908101
3463,CONCEICAO DA FEIRA,2908200
3465,CONCEICAO DO ALMEIDA,2908309
3467,CONCEICAO DO COITE,2908408
3469,CONCEICAO DO JACUIPE,2908507
3471,CONDE,2908606
3473,CONDEUBA,2908705
3475,CONTENDAS DO SINCORA,2908804
3477,CORACAO DE MARIA,2908903
3479,CORDEIROS,2909000
3481,CORIBE,2909109
3483,CORONEL JOAO SA,2909208
3485,CORRENTINA,2909307
3487,COTEGIPE,2909406
3489,CRAVOLANDIA,2909505
3491,CRISOPOLIS,2909604
3493,CRISTOPOLIS,2909703
3495,CRUZ DAS ALMAS,2909802
3497,CURACA,2909901
3499,DARIO MEIRA,2910008
3501,DOM BASILIO,2910107
3503,DOM MACEDO COSTA,2910206
3505,ELISIO MEDRADO,2910305
3507,ENCRUZILHADA,2910404
3509,ENTRE RIOS,2910503
3511,ESPLANADA,2910602
3513,EUCLIDES DA CUNHA,2910701
3515,FEIRA DE SANTANA,2910800
3517,FIRMINO ALVES,2910909
3519,FLORESTA AZUL,2911006
3521,FORMOSA DO RIO PRETO,2911105
3523,GANDU,2911204
3525,GENTIO DO OURO,2911303
3527,GLORIA,2911402
3529,GONGOGI,2911501
3531,GOVERNADOR MANGABEIRA,2911600
3533,GUANAMBI,2911709
3535,GUARATINGA,2911808
3537,IACU,2911907
3539,IBIASSUCE,2912004
3541,IBICARAI,2912103
3543,IBICOARA,2912202
3545,IBICUI,2912301
3547,IBIPEBA,2912400
3549,SANTA RITA DE CASSIA,2928406
3551,IBIPITANGA,2912509
3553,IBIQUERA,2912608
3555,IBIRAPITANGA,2912707
3557,IBIRAPUA,2912806
3559,IBIRATAIA,2912905
3561,IBITIARA,2913002
3563,IBITITA,2913101
3565,IBOTIRAMA,2913200
3567,ICHU,2913309
3569,IGAPORA,2913408
3571,IGUAI,2913507
3573,ILHEUS,2913606
3575,INHAMBUPE,2913705
3577,IPECAETA,2913804
3579,IPIAU,2913903
3581,IPIRA,2914000
3583,IPUPIARA,2914109
3585,IRAJUBA,2914208
3587,IRAMAIA,2914307
3589,IRAQUARA,2914406
3591,IRARA,2914505
3593,IRECE,2914604
3595,ITABERABA,2914703
3597,ITABUNA,2914802
3599,ITACARE,2914901
3601,ITAETE,2915007
3603,ITAGI,2915106
3605,ITAGIBA,2915205
3607,ITAGIMIRIM,2915304
3609,ITAJU DO COLONIA,2915403
3611,ITAJUIPE,2915502
3613,ITAMARAJU,2915601
3615,ITAMARI,2915700
3617,ITAMBE,2915809
3619,ITANAGRA,2915908
3621,ITANHEM,2916005
3623,ITAPARICA,2916104
3625,ITAPE,2916203
3627,ITAPEBI,2916302
3629,ITAPETINGA,2916401
3631,ITAPICURU,2916500
3633,ITAPITANGA,2916609
3635,ITAQUARA,2916708
3637,ITARANTIM,2916807
3639,ITIRUCU,2916906
3641,ITIUBA,2917003
3643,ITORORO,2917102
3645,ITUACU,2917201
3647,ITUBERA,2917300
3649,JACARACI,2917409
3651,JACOBINA,2917508
3653,JAGUAQUARA,2917607
3655,JAGUARARI,2917706
3657,JAGUARIPE,2917805
3659,JANDAIRA,2917904
3661,JEQUIE,2918001
3663,JEREMOABO,2918100
3665,JIQUIRICA,2918209
3667,JITAUNA,2918308
3669,JUAZEIRO,2918407
3671,JUSSARA,2918506
3673,JUSSIAPE,2918605
3675,LAFAIETE COUTINHO,2918704
3677,LAJE,2918803
3679,LAJEDAO,2918902
3681,LAJEDINHO,2919009
3683,LAMARAO,2919108
3685,LAURO DE FREITAS,2919207
3687,LENCOIS,2919306
3689,LICINIO DE ALMEIDA,2919405
3691,LIVRAMENTO DE NOSSA SENHORA,2919504
3693,MACAJUBA,2919603
3695,MACARANI,2919702
3697,MACAUBAS,2919801
3699,MACURURE,2919900
3701,MAIQUINIQUE,2920007
3703,MAIRI,2920106
3705,MALHADA,2920205
3707,MALHADA DE PEDRAS,2920304
3709,MANOEL VITORINO,2920403
3711,MARACAS,2920502
3713,MARAGOGIPE,2920601
3715,MARAU,2920700
3717,MARCIONILIO SOUZA,2920809
3719,MASCOTE,2920908
3721,MATA DE SAO JOAO,2921005
3723,MEDEIROS NETO,2921104
3725,MIGUEL CALMON,2921203
3727,MILAGRES,2921302
3729,MIRANGABA,2921401
3731,MONTE SANTO,2921500
3733,MORPARA,2921609
3735,MORRO DO CHAPEU,2921708
3737,MORTUGABA,2921807
3739,MUCUGE,2921906
3741,MUCURI,2922003
3743,MUNDO NOVO,2922102
3745,MUNIZ FERREIRA,2922201
3747,MURITIBA,2922300
3749,MUTUIPE,2922409
3751,NAZARE,2922508
3753,NILO PECANHA,2922607
3755,NOVA CANAA,2922706
3757,NOVA ITARANA,2922805
3759,NOVA SOURE,2922904
3761,NOVA VICOSA,2923001
3763,OLINDINA,2923100
3765,OLIVEIRA DOS BREJINHOS,2923209
3767,OURICANGAS,2923308
3769,PALMAS DE MONTE ALTO,2923407
3771,PALMEIRAS,2923506
3773,PARAMIRIM,2923605
3775,PARATINGA,2923704
3777,PARIPIRANGA,2923803
3779,PAU BRASIL,2923902
3781,PAULO AFONSO,2924009
3783,PEDRAO,2924108
3785,PEDRO ALEXANDRE,2924207
3787,PIATA,2924306
3789,PILAO ARCADO,2924405
3791,PINDAI,2924504
3793,PINDOBACU,2924603
3795,PIRIPA,2924702
3797,PIRITIBA,2924801
3799,PLANALTINO,2924900
3801,PLANALTO,2925006
3803,POCOES,2925105
3805,POJUCA,2925204
3807,PORTO SEGURO,2925303
3809,POTIRAGUA,2925402
3811,PRADO,2925501
3813,PRESIDENTE DUTRA,2925600
3815,PRESIDENTE JANIO QUADROS,2925709
3817,QUEIMADAS,2925808
3819,QUIJINGUE,2925907
3821,REMANSO,2926004
3823,RETIROLANDIA,2926103
3825,RIACHAO DAS NEVES,2926202
3827,RIACHAO DO JACUIPE,2926301
3829,RIACHO DE SANTANA,2926400
3831,RIBEIRA DO AMPARO,2926509
3833,RIBEIRA DO POMBAL,2926608
3835,RIO DE CONTAS,2926707
3837,RIO DO ANTONIO,2926806
3839,RIO DO PIRES,2926905
3841,RIO REAL,2927002
3843,RODELAS,2927101
3845,RUY BARBOSA,2927200
3847,SALINAS DA MARGARIDA,2927309
3849,SALVADOR,2927408
3851,SANTA BARBARA,2927507
3853,SANTA BRIGIDA,2927606
3855,SANTA CRUZ CABRALIA,2927705
3857,SANTA CRUZ DA VITORIA,2927804
3859,SANTA INES,2927903
3861,SANTALUZ,2928000
3863,SANTA MARIA DA VITORIA,2928109
3865,SANTANA,2928208
3867,SANTANOPOLIS,2928307
3869,SANTA TERESINHA,2928505
3871,SANTO AMARO,2928604
3873,SANTO ANTONIO DE JESUS,2928703
3875,SANTO ESTEVAO,2928802
3877,SAO DESIDERIO,2928901
3879,SAO FELIX,2929008
3881,SAO FELIPE,2929107
3883,SAO FRANCISCO DO CONDE,2929206
3885,SAO GONCALO DOS CAMPOS,2929305
3887,SAO MIGUEL DAS MATAS,2929404
3889,SAO SEBASTIAO DO PASSE,2929503
3891,SAPEACU,2929602
3893,SATIRO DIAS,2929701
3895,SAUDE,2929800
3897,SEABRA,2929909
3899,SEBASTIAO LARANJEIRAS,2930006
3901,SENHOR DO BONFIM,2930105
3903,SENTO SE,2930204
3905,SERRA DOURADA,2930303
3907,SERRA PRETA,2930402
3909,SERRINHA,2930501
3911,SERROLANDIA,2930600
3913,SIMOES FILHO,2930709
3915,SOUTO SOARES,2930808
3917,TABOCAS DO BREJO VELHO,2930907
3919,TANHACU,2931004
3921,TANQUINHO,2931103
3923,TAPEROA,2931202
3925,TAPIRAMUTA,2931301
3927,TEODORO SAMPAIO,2931400
3929,TEOFILANDIA,2931509
3931,TEOLANDIA,2931608
3933,TERRA NOVA,2931707
3935,TREMEDAL,2931806
3937,TUCANO,2931905
3939,UAUA,2932002
3941,UBAIRA,2932101
3943,UBAITABA,2932200
3945,UBATA,2932309
3947,UIBAI,2932408
3949,UNA,2932507
3951,URANDI,2932606
3953,URUCUCA,2932705
3955,UTINGA,2932804
3957,VALENCA,2932903
3959,VALENTE,2933000
3961,VARZEA DO POCO,2933109
3963,VERA CRUZ,2933208
3965,VITORIA DA CONQUISTA,2933307
3967,WAGNER,2933406
3969,WENCESLAU GUIMARAES,2933505
3971,XIQUE-XIQUE,2933604
3973,LAPAO,2919157
3975,MAETINGA,2919959
3977,MANSIDAO,2920452
3979,NORDESTINA,2922656
3981,PE DE SERRA,2924058
3983,PINTADAS,2924652
3985,RAFAEL JAMBEIRO,2925956
3987,SANTA LUZIA,2928059
3989,SAO GABRIEL,2929255
3991,TANQUE NOVO,2931053
3993,TEIXEIRA DE FREITAS,2931350
3995,VARZEA NOVA,2933158
3997,VARZEA DA ROCA,2933059
3999,WANDERLEY,2933455
4001,ABADIA DOS DOURADOS,3100104
4003,ABAETE,3100203
4005,ABRE CAMPO,3100302
4007,ACAIACA,3100401
4009,ACUCENA,3100500
4011,AGUA BOA,3100609
4013,AGUA COMPRIDA,3100708
4015,AGUANIL,3100807
4017,AGUAS FORMOSAS,3100906
4019,AGUAS VERMELHAS,3101003
4021,AIMORES,3101102
4023,AIURUOCA,3101201
4025,ALAGOA,3101300
4027,ALBERTINA,3101409
4029,ALEM PARAIBA,3101508
4031,ALFENAS,3101607
4033,ALMENARA,3101706
4035,ALPERCATA,3101805
4037,ALPINOPOLIS,3101904
4039,ALTEROSA,3102001
4041,ALTO RIO DOCE,3102100
4043,ALVARENGA,3102209
4045,ALVINOPOLIS,3102308
4047,ALVORADA DE MINAS,3102407
4049,AMPARO DA SERRA,3102506
4051,ANDRADAS,3102605
4053,CACHOEIRA DE PAJEU,3102704
4055,ANDRELANDIA,3102803
4057,ANTONIO CARLOS,3102902
4059,ANTONIO DIAS,3103009
4061,ANTONIO PRADO DE MINAS,3103108
4063,ARACAI,3103207
4065,ARACITABA,3103306
4067,ARACUAI,3103405
4069,ARAGUARI,3103504
4071,ARANTINA,3103603
4073,ARAPONGA,3103702
4075,ARAPUA,3103801
4077,ARAUJOS,3103900
4079,ARAXA,3104007
4081,ARCEBURGO,3104106
4083,ARCOS,3104205
4085,AREADO,3104304
4087,ARGIRITA,3104403
4089,ARINOS,3104502
4091,ASTOLFO DUTRA,3104601
4093,ATALEIA,3104700
4095,AUGUSTO DE LIMA,3104809
4097,BAEPENDI,3104908
4099,BALDIM,3105004
4101,BAMBUI,3105103
4103,BANDEIRA,3105202
4105,BANDEIRA DO SUL,3105301
4107,BARAO DE COCAIS,3105400
4109,BARAO DO MONTE ALTO,3105509
4111,BARBACENA,3105608
4113,BARRA LONGA,3105707
4115,TRES MARIAS,3169356
4117,BARROSO,3105905
4119,BELA VISTA DE MINAS,3106002
4121,BELMIRO BRAGA,3106101
4123,BELO HORIZONTE,3106200
4125,BELO ORIENTE,3106309
4127,BELO VALE,3106408
4129,BERILO,3106507
4131,BERTOPOLIS,3106606
4133,BETIM,3106705
4135,BIAS FORTES,3106804
4137,BICAS,3106903
4139,BIQUINHAS,3107000
4141,BOA ESPERANCA,3107109
4143,BOCAINA DE MINAS,3107208
4145,BOCAIUVA,3107307
4147,BOM DESPACHO,3107406
4149,BOM JARDIM DE MINAS,3107505
4151,BOM JESUS DA PENHA,3107604
4153,BOM JESUS DO AMPARO,3107703
4155,BOM JESUS DO GALHO,3107802
4157,BOM REPOUSO,3107901
4159,BOM SUCESSO,3108008
4161,BONFIM,3108107
4163,BONFINOPOLIS DE MINAS,3108206
4165,BORDA DA MATA,3108305
4167,BOTELHOS,3108404
4169,BOTUMIRIM,3108503
4171,BRASILIA DE MINAS,3108602
4173,BRAS PIRES,3108701
4175,BRAUNAS,3108800
4177,BRASOPOLIS,3108909
4179,BRUMADINHO,3109006
4181,BUENO BRANDAO,3109105
4183,BUENOPOLIS,3109204
4185,BURITIS,3109303
4187,BURITIZEIRO,3109402
4189,CABO VERDE,3109501
4191,CACHOEIRA DA PRATA,3109600
4193,CACHOEIRA DE MINAS,3109709
4195,CACHOEIRA DOURADA,3109808
4197,CAETANOPOLIS,3109907
4199,CAETE,3110004
4201,CAIANA,3110103
4203,CAJURI,3110202
4205,CALDAS,3110301
4207,CAMACHO,3110400
4209,CAMANDUCAIA,3110509
4211,CAMBUI,3110608
4213,CAMBUQUIRA,3110707
4215,CAMPANARIO,3110806
4217,CAMPANHA,3110905
4219,CAMPESTRE,3111002
4221,CAMPINA VERDE,3111101
4223,CAMPO BELO,3111200
4225,CAMPO DO MEIO,3111309
4227,CAMPO FLORIDO,3111408
4229,CAMPOS ALTOS,3111507
4231,CAMPOS GERAIS,3111606
4233,CANAA,3111705
4235,CANAPOLIS,3111804
4237,CANA VERDE,3111903
4239,CANDEIAS,3112000
4241,CAPARAO,3112109
4243,CAPELA NOVA,3112208
4245,CAPELINHA,3112307
4247,CAPETINGA,3112406
4249,CAPIM BRANCO,3112505
4251,CAPINOPOLIS,3112604
4253,CAPITAO ENEAS,3112703
4255,CAPITOLIO,3112802
4257,CAPUTIRA,3112901
4259,CARAI,3113008
4261,CARANAIBA,3113107
4263,CARANDAI,3113206
4265,CARANGOLA,3113305
4267,CARATINGA,3113404
4269,CARBONITA,3113503
4271,CAREACU,3113602
4273,CARLOS CHAGAS,3113701
4275,CARMESIA,3113800
4277,CARMO DA CACHOEIRA,3113909
4279,CARMO DA MATA,3114006
4281,CARMO DE MINAS,3114105
4283,CARMO DO CAJURU,3114204
4285,CARMO DO PARANAIBA,3114303
4287,CARMO DO RIO CLARO,3114402
4289,CARMOPOLIS DE MINAS,3114501
4291,CARRANCAS,3114600
4293,CARVALHOPOLIS,3114709
4295,CARVALHOS,3114808
4297,CASA GRANDE,3114907
4299,CASCALHO RICO,3115003
4301,CASSIA,3115102
4303,CONCEICAO DA BARRA DE MINAS,3115201
4305,CATAGUASES,3115300
4307,CATAS ALTAS DA NORUEGA,3115409
4309,CAXAMBU,3115508
4311,CEDRO DO ABAETE,3115607
4313,CENTRAL DE MINAS,3115706
4315,CENTRALINA,3115805
4317,CHACARA,3115904
4319,CHALE,3116001
4321,CHAPADA DO NORTE,3116100
4323,CHIADOR,3116209
4325,CIPOTANEA,3116308
4327,CLARAVAL,3116407
4329,CLARO DOS POCOES,3116506
4331,CLAUDIO,3116605
4333,COIMBRA,3116704
4335,COLUNA,3116803
4337,COMENDADOR GOMES,3116902
4339,COMERCINHO,3117009
4341,CONCEICAO DA APARECIDA,3117108
4343,CONCEICAO DAS PEDRAS,3117207
4345,CONCEICAO DAS ALAGOAS,3117306
4347,CONCEICAO DE IPANEMA,3117405
4349,CONCEICAO DO MATO DENTRO,3117504
4351,CONCEICAO DO PARA,3117603
4353,CONCEICAO DO RIO VERDE,3117702
4355,CONCEICAO DOS OUROS,3117801
4357,CONGONHAL,3117900
4359,CONGONHAS,3118007
4361,CONGONHAS DO NORTE,3118106
4363,CONQUISTA,3118205
4365,CONSELHEIRO LAFAIETE,3118304
4367,CONSELHEIRO PENA,3118403
4369,CONSOLACAO,3118502
4371,CONTAGEM,3118601
4373,COQUEIRAL,3118700
4375,CORACAO DE JESUS,3118809
4377,CORDISBURGO,3118908
4379,CORDISLANDIA,3119005
4381,CORINTO,3119104
4383,COROACI,3119203
4385,COROMANDEL,3119302
4387,CORONEL FABRICIANO,3119401
4389,CORONEL MURTA,3119500
4391,CORONEL PACHECO,3119609
4393,CORONEL XAVIER CHAVES,3119708
4395,CORREGO DANTA,3119807
4397,CORREGO DO BOM JESUS,3119906
4399,CORREGO NOVO,3120003
4401,COUTO DE MAGALHAES DE MINAS,3120102
4403,CRISTAIS,3120201
4405,CRISTALIA,3120300
4407,CRISTIANO OTONI,3120409
4409,CRISTINA,3120508
4411,CRUCILANDIA,3120607
4413,CRUZEIRO DA FORTALEZA,3120706
4415,CRUZILIA,3120805
4417,CURVELO,3120904
4419,DATAS,3121001
4421,DELFIM MOREIRA,3121100
4423,DELFINOPOLIS,3121209
4425,DESCOBERTO,3121308
4427,DESTERRO DE ENTRE RIOS,3121407
4429,DESTERRO DO MELO,3121506
4431,DIAMANTINA,3121605
4433,DIOGO DE VASCONCELOS,3121704
4435,DIONISIO,3121803
4437,DIVINESIA,3121902
4439,DIVINO,3122009
4441,DIVINO DAS LARANJEIRAS,3122108
4443,DIVINOLANDIA DE MINAS,3122207
4445,DIVINOPOLIS,3122306
4447,DIVISA NOVA,3122405
4449,DOM CAVATI,3122504
4451,DOM JOAQUIM,3122603
4453,DOM SILVERIO,3122702
4455,DOM VICOSO,3122801
4457,DONA EUZEBIA,3122900
4459,DORES DE CAMPOS,3123007
4461,DORES DE GUANHAES,3123106
4463,DORES DO INDAIA,3123205
4465,DORES DO TURVO,3123304
4467,DORESOPOLIS,3123403
4469,DOURADOQUARA,3123502
4471,ELOI MENDES,3123601
4473,ENGENHEIRO CALDAS,3123700
4475,ENGENHEIRO NAVARRO,3123809
4477,ENTRE RIOS DE MINAS,3123908
4479,ERVALIA,3124005
4481,ESMERALDAS,3124104
4483,ESPERA FELIZ,3124203
4485,ESPINOSA,3124302
4487,ESPIRITO SANTO DO DOURADO,3124401
4489,ESTIVA,3124500
4491,ESTRELA DALVA,3124609
4493,ESTRELA DO INDAIA,3124708
4495,ESTRELA DO SUL,3124807
4497,EUGENOPOLIS,3124906
4499,EWBANK DA CAMARA,3125002
4501,EXTREMA,3125101
4503,FAMA,3125200
4505,FARIA LEMOS,3125309
4507,FELICIO DOS SANTOS,3125408
4509,SAO GONCALO DO RIO PRETO,3125507
4511,FELISBURGO,3125606
4513,FELIXLANDIA,3125705
4515,FERNANDES TOURINHO,3125804
4517,FERROS,3125903
4519,FLORESTAL,3126000
4521,FORMIGA,3126109
4523,FORMOSO,3126208
4525,FORTALEZA DE MINAS,3126307
4527,FORTUNA DE MINAS,3126406
4529,FRANCISCO BADARO,3126505
4531,FRANCISCO DUMONT,3126604
4533,FRANCISCO SA,3126703
4535,FREI GASPAR,3126802
4537,FREI INOCENCIO,3126901
4539,FRONTEIRA,3127008
4541,FRUTAL,3127107
4543,FUNILANDIA,3127206
4545,GALILEIA,3127305
4547,GONCALVES,3127404
4549,GONZAGA,3127503
4551,GOUVEIA,3127602
4553,GOVERNADOR VALADARES,3127701
4555,GRAO MOGOL,3127800
4557,GRUPIARA,3127909
4559,GUANHAES,3128006
4561,GUAPE,3128105
4563,GUARACIABA,3128204
4565,GUARANESIA,3128303
4567,GUARANI,3128402
4569,GUARARA,3128501
4571,GUARDA-MOR,3128600
4573,GUAXUPE,3128709
4575,GUIDOVAL,3128808
4577,GUIMARANIA,3128907
4579,GUIRICEMA,3129004
4581,GURINHATA,3129103
4583,HELIODORA,3129202
4585,IAPU,3129301
4587,IBERTIOGA,3129400
4589,IBIA,3129509
4591,IBIAI,3129608
4593,IBIRACI,3129707
4595,IBIRITE,3129806
4597,IBITIURA DE MINAS,3129905
4599,IBITURUNA,3130002
4601,IGARAPE,3130101
4603,IGARATINGA,3130200
4605,IGUATAMA,3130309
4607,IJACI,3130408
4609,ILICINEA,3130507
4611,INCONFIDENTES,3130606
4613,INDIANOPOLIS,3130705
4615,INGAI,3130804
4617,INHAPIM,3130903
4619,INHAUMA,3131000
4621,INIMUTABA,3131109
4623,IPANEMA,3131208
4625,IPATINGA,3131307
4627,IPIACU,3131406
4629,IPUIUNA,3131505
4631,IRAI DE MINAS,3131604
4633,ITABIRA,3131703
4635,ITABIRINHA,3131802
4637,ITABIRITO,3131901
4639,ITACAMBIRA,3132008
4641,ITACARAMBI,3132107
4643,ITAGUARA,3132206
4645,ITAIPE,3132305
4647,ITAJUBA,3132404
4649,ITAMARANDIBA,3132503
4651,ITAMARATI DE MINAS,3132602
4653,ITAMBACURI,3132701
4655,ITAMBE DO MATO DENTRO,3132800
4657,ITAMOGI,3132909
4659,ITAMONTE,3133006
4661,ITANHANDU,3133105
4663,ITANHOMI,3133204
4665,ITAOBIM,3133303
4667,ITAPAGIPE,3133402
4669,ITAPECERICA,3133501
4671,ITAPEVA,3133600
4673,ITATIAIUCU,3133709
4675,ITAUNA,3133808
4677,ITAVERAVA,3133907
4679,ITINGA,3134004
4681,ITUETA,3134103
4683,ITUIUTABA,3134202
4685,ITUMIRIM,3134301
4687,ITURAMA,3134400
4689,ITUTINGA,3134509
4691,JABOTICATUBAS,3134608
4693,JACINTO,3134707
4695,JACUI,3134806
4697,JACUTINGA,3134905
4699,JAGUARACU,3135001
4701,JANAUBA,3135100
4703,JANUARIA,3135209
4705,JAPARAIBA,3135308
4707,JECEABA,3135407
4709,JEQUERI,3135506
4711,JEQUITAI,3135605
4713,JEQUITIBA,3135704
4715,JEQUITINHONHA,3135803
4717,JESUANIA,3135902
4719,JOAIMA,3136009
4721,JOANESIA,3136108
4723,JOAO MONLEVADE,3136207
4725,JOAO PINHEIRO,3136306
4727,JOAQUIM FELICIO,3136405
4729,JORDANIA,3136504
4731,NOVA UNIAO,3136603
4733,JUIZ DE FORA,3136702
4735,JURAMENTO,3136801
4737,JURUAIA,3136900
4739,LADAINHA,3137007
4741,LAGAMAR,3137106
4743,LAGOA DA PRATA,3137205
4745,LAGOA DOS PATOS,3137304
4747,LAGOA DOURADA,3137403
4749,LAGOA FORMOSA,3137502
4751,LAGOA SANTA,3137601
4753,LAJINHA,3137700
4755,LAMBARI,3137809
4757,LAMIM,3137908
4759,LARANJAL,3138005
4761,LASSANCE,3138104
4763,LAVRAS,3138203
4765,LEANDRO FERREIRA,3138302
4767,LEOPOLDINA,3138401
4769,LIBERDADE,3138500
4771,LIMA DUARTE,3138609
4773,LUMINARIAS,3138708
4775,LUZ,3138807
4777,MACHACALIS,3138906
4779,MACHADO,3139003
4781,MADRE DE DEUS DE MINAS,3139102
4783,MALACACHETA,3139201
4785,MANGA,3139300
4787,MANHUACU,3139409
4789,MANHUMIRIM,3139508
4791,MANTENA,3139607
4793,MARAVILHAS,3139706
4795,MAR DE ESPANHA,3139805
4797,MARIA DA FE,3139904
4799,MARIANA,3140001
4801,MARILAC,3140100
4803,MARIPA DE MINAS,3140209
4805,MARLIERIA,3140308
4807,MARMELOPOLIS,3140407
4809,MARTINHO CAMPOS,3140506
4811,MATERLANDIA,3140605
4813,MATEUS LEME,3140704
4815,MATIAS BARBOSA,3140803
4817,MATIPO,3140902
4819,MATO VERDE,3141009
4821,MATOZINHOS,3141108
4823,MATUTINA,3141207
4825,MEDEIROS,3141306
4827,MEDINA,3141405
4829,MENDES PIMENTEL,3141504
4831,MERCES,3141603
4833,MESQUITA,3141702
4835,MINAS NOVAS,3141801
4837,MINDURI,3141900
4839,MIRABELA,3142007
4841,MIRADOURO,3142106
4843,MIRAI,3142205
4845,MOEDA,3142304
4847,MOEMA,3142403
4849,MONJOLOS,3142502
4851,MONSENHOR PAULO,3142601
4853,MONTALVANIA,3142700
4855,MONTE ALEGRE DE MINAS,3142809
4857,MONTE AZUL,3142908
4859,MONTE BELO,3143005
4861,MONTE CARMELO,3143104
4863,MONTE SANTO DE MINAS,3143203
4865,MONTES CLAROS,3143302
4867,MONTE SIAO,3143401
4869,MORADA NOVA DE MINAS,3143500
4871,MORRO DA GARCA,3143609
4873,MORRO DO PILAR,3143708
4875,MUNHOZ,3143807
4877,MURIAE,3143906
4879,MUTUM,3144003
4881,MUZAMBINHO,3144102
4883,NACIP RAYDAN,3144201
4885,NANUQUE,3144300
4887,NATERCIA,3144409
4889,NAZARENO,3144508
4891,NEPOMUCENO,3144607
4893,NOVA ERA,3144706
4895,NOVA LIMA,3144805
4897,NOVA MODICA,3144904
4899,NOVA PONTE,3145000
4901,NOVA RESENDE,3145109
4903,NOVA SERRANA,3145208
4905,NOVO CRUZEIRO,3145307
4907,OLARIA,3145406
4909,OLIMPIO NORONHA,3145505
4911,OLIVEIRA,3145604
4913,OLIVEIRA FORTES,3145703
4915,ONCA DE PITANGUI,3145802
4917,OURO BRANCO,3145901
4919,OURO FINO,3146008
4921,OURO PRETO,3146107
4923,OURO VERDE DE MINAS,3146206
4925,PADRE PARAISO,3146305
4927,PAINEIRAS,3146404
4929,PAINS,3146503
4931,PAIVA,3146602
4933,PALMA,3146701
4935,FRONTEIRA DOS VALES,3127057
4937,PAPAGAIOS,3146909
4939,PARACATU,3147006
4941,PARA DE MINAS,3147105
4943,PARAGUACU,3147204
4945,PARAISOPOLIS,3147303
4947,PARAOPEBA,3147402
4949,PASSABEM,3147501
4951,PASSA QUATRO,3147600
4953,PASSA TEMPO,3147709
4955,PASSA VINTE,3147808
4957,PASSOS,3147907
4959,PATOS DE MINAS,3148004
4961,PATROCINIO,3148103
4963,PATROCINIO DO MURIAE,3148202
4965,PAULA CANDIDO,3148301
4967,PAULISTAS,3148400
4969,PAVAO,3148509
4971,PECANHA,3148608
4973,PEDRA AZUL,3148707
4975,PEDRA DO ANTA,3148806
4977,PEDRA DO INDAIA,3148905
4979,PEDRA DOURADA,3149002
4981,PEDRALVA,3149101
4983,PEDRINOPOLIS,3149200
4985,PEDRO LEOPOLDO,3149309
4987,PEDRO TEIXEIRA,3149408
4989,PEQUERI,3149507
4991,PEQUI,3149606
4993,PERDIGAO,3149705
4995,PERDIZES,3149804
4997,PERDOES,3149903
4999,PESCADOR,3150000
5001,PIAU,3150109
5003,PIEDADE DE PONTE NOVA,3150208
5005,PIEDADE DO RIO GRANDE,3150307
5007,PIEDADE DOS GERAIS,3150406
5009,PIMENTA,3150505
5011,PIRACEMA,3150604
5013,PIRAJUBA,3150703
5015,PIRANGA,3150802
5017,PIRANGUCU,3150901
5019,PIRANGUINHO,3151008
5021,PIRAPETINGA,3151107
5023,PIRAPORA,3151206
5025,PIRAUBA,3151305
5027,PITANGUI,3151404
5029,PIUMHI,3151503
5031,PLANURA,3151602
5033,POCO FUNDO,3151701
5035,POCOS DE CALDAS,3151800
5037,POCRANE,3151909
5039,POMPEU,3152006
5041,PONTE NOVA,3152105
5043,PORTEIRINHA,3152204
5045,PORTO FIRME,3152303
5047,POTE,3152402
5049,POUSO ALEGRE,3152501
5051,POUSO ALTO,3152600
5053,PRADOS,3152709
5055,PRATA,3152808
5057,PRATAPOLIS,3152907
5059,PRATINHA,3153004
5061,PRESIDENTE BERNARDES,3153103
5063,PRESIDENTE JUSCELINO,3153202
5065,PRESIDENTE KUBITSCHEK,3153301
5067,PRESIDENTE OLEGARIO,3153400
5069,ALTO JEQUITIBA,3153509
5071,PRUDENTE DE MORAIS,3153608
5073,QUARTEL GERAL,3153707
5075,QUELUZITO,3153806
5077,RAPOSOS,3153905
5079,RAUL SOARES,3154002
5081,RECREIO,3154101
5083,RESENDE COSTA,3154200
5085,RESPLENDOR,3154309
5087,RESSAQUINHA,3154408
5089,RIACHO DOS MACHADOS,3154507
5091,RIBEIRAO DAS NEVES,3154606
5093,RIBEIRAO VERMELHO,3154705
5095,RIO ACIMA,3154804
5097,RIO CASCA,3154903
5099,RIO DOCE,3155009
5101,RIO DO PRADO,3155108
5103,RIO ESPERA,3155207
5105,RIO MANSO,3155306
5107,RIO NOVO,3155405
5109,RIO PARANAIBA,3155504
5111,RIO PARDO DE MINAS,3155603
5113,RIO PIRACICABA,3155702
5115,RIO POMBA,3155801
5117,RIO PRETO,3155900
5119,RIO VERMELHO,3156007
5121,RITAPOLIS,3156106
5123,ROCHEDO DE MINAS,3156205
5125,RODEIRO,3156304
5127,ROMARIA,3156403
5129,RUBELITA,3156502
5131,RUBIM,3156601
5133,SABARA,3156700
5135,SABINOPOLIS,3156809
5137,SACRAMENTO,3156908
5139,SALINAS,3157005
5141,SALTO DA DIVISA,3157104
5143,SANTA BARBARA,3157203
5145,SANTA BARBARA DO TUGURIO,3157302
5147,SANTA CRUZ DO ESCALVADO,3157401
5149,SANTA EFIGENIA DE MINAS,3157500
5151,SANTA FE DE MINAS,3157609
5153,SANTA JULIANA,3157708
5155,SANTA LUZIA,3157807
5157,SANTA MARGARIDA,3157906
5159,SANTA MARIA DE ITABIRA,3158003
5161,SANTA MARIA DO SALTO,3158102
5163,SANTA MARIA DO SUACUI,3158201
5165,SANTANA DA VARGEM,3158300
5167,SANTANA DE CATAGUASES,3158409
5169,SANTANA DE PIRAPAMA,3158508
5171,SANTANA DO DESERTO,3158607
5173,SANTANA DO GARAMBEU,3158706
5175,SANTANA DO JACARE,3158805
5177,SANTANA DO MANHUACU,3158904
5179,SANTANA DO RIACHO,3159001
5181,SANTANA DOS MONTES,3159100
5183,SANTA RITA DE CALDAS,3159209
5185,SANTA RITA DE JACUTINGA,3159308
5187,SANTA RITA DE IBITIPOCA,3159407
5189,SANTA RITA DO ITUETO,3159506
5191,SANTA RITA DO SAPUCAI,3159605
5193,SANTA ROSA DA SERRA,3159704
5195,SANTA VITORIA,3159803
5197,SANTO ANTONIO DO AMPARO,3159902
5199,SANTO ANTONIO DO AVENTUREIRO,3160009
5201,SANTO ANTONIO DO GRAMA,3160108
5203,SANTO ANTONIO DO ITAMBE,3160207
5205,SANTO ANTONIO DO JACINTO,3160306
5207,SANTO ANTONIO DO MONTE,3160405
5209,SANTO ANTONIO DO RIO ABAIXO,3160504
5211,SANTO HIPOLITO,3160603
5213,SANTOS DUMONT,3160702
5215,SAO BENTO ABADE,3160801
5217,SAO BRAS DO SUACUI,3160900
5219,SAO DOMINGOS DO PRATA,3161007
5221,SAO FRANCISCO,3161106
5223,SAO FRANCISCO DE PAULA,3161205
5225,SAO FRANCISCO DE SALES,3161304
5227,SAO FRANCISCO DO GLORIA,3161403
5229,SAO GERALDO,3161502
5231,SAO GERALDO DA PIEDADE,3161601
5233,SAO GONCALO DO ABAETE,3161700
5235,SAO GONCALO DO PARA,3161809
5237,SAO GONCALO DO RIO ABAIXO,3161908
5239,SAO GONCALO DO SAPUCAI,3162005
5241,SAO GOTARDO,3162104
5243,SAO JOAO BATISTA DO GLORIA,3162203
5245,SAO JOAO DA MATA,3162302
5247,SAO JOAO DA PONTE,3162401
5249,SAO JOAO DEL REI,3162500
5251,SAO JOAO DO ORIENTE,3162609
5253,SAO JOAO DO PARAISO,3162708
5255,SAO JOAO EVANGELISTA,3162807
5257,SAO JOAO NEPOMUCENO,3162906
5259,SAO JOSE DA SAFIRA,3163003
5261,SAO JOSE DA VARGINHA,3163102
5263,SAO JOSE DO ALEGRE,3163201
5265,SAO JOSE DO DIVINO,3163300
5267,SAO JOSE DO GOIABAL,3163409
5269,SAO JOSE DO JACURI,3163508
5271,SAO JOSE DO MANTIMENTO,3163607
5273,SAO LOURENCO,3163706
5275,SAO MIGUEL DO ANTA,3163805
5277,SAO PEDRO DA UNIAO,3163904
5279,SAO PEDRO DOS FERROS,3164001
5281,SAO PEDRO DO SUACUI,3164100
5283,SAO ROMAO,3164209
5285,SAO ROQUE DE MINAS,3164308
5287,SAO SEBASTIAO DA BELA VISTA,3164407
5289,SAO SEBASTIAO DO MARANHAO,3164506
5291,SAO SEBASTIAO DO OESTE,3164605
5293,SAO SEBASTIAO DO PARAISO,3164704
5295,SAO SEBASTIAO DO RIO PRETO,3164803
5297,SAO SEBASTIAO DO RIO VERDE,3164902
5299,SAO TIAGO,3165008
5301,SAO TOMAS DE AQUINO,3165107
5303,SAO TOME DAS LETRAS,3165206
5305,SAO VICENTE DE MINAS,3165305
5307,SAPUCAI-MIRIM,3165404
5309,SARDOA,3165503
5311,SENADOR CORTES,3165602
5313,SENADOR FIRMINO,3165701
5315,SENADOR JOSE BENTO,3165800
5317,SENADOR MODESTINO GONCALVES,3165909
5319,SENHORA DE OLIVEIRA,3166006
5321,SENHORA DO PORTO,3166105
5323,SENHORA DOS REMEDIOS,3166204
5325,SERICITA,3166303
5327,SERITINGA,3166402
5329,SERRA AZUL DE MINAS,3166501
5331,SERRA DA SAUDADE,3166600
5333,SERRA DOS AIMORES,3166709
5335,SERRA DO SALITRE,3166808
5337,SERRANIA,3166907
5339,SERRANOS,3167004
5341,SERRO,3167103
5343,SETE LAGOAS,3167202
5345,SILVEIRANIA,3167301
5347,SILVIANOPOLIS,3167400
5349,SIMAO PEREIRA,3167509
5351,SIMONESIA,3167608
5353,SOBRALIA,3167707
5355,SOLEDADE DE MINAS,3167806
5357,TABULEIRO,3167905
5359,TAIOBEIRAS,3168002
5361,TAPIRA,3168101
5363,TAPIRAI,3168200
5365,TAQUARACU DE MINAS,3168309
5367,TARUMIRIM,3168408
5369,TEIXEIRAS,3168507
5371,TEOFILO OTONI,3168606
5373,TIMOTEO,3168705
5375,TIRADENTES,3168804
5377,TIROS,3168903
5379,TOCANTINS,3169000
5381,TOLEDO,3169109
5383,TOMBOS,3169208
5385,TRES CORACOES,3169307
5387,TRES PONTAS,3169406
5389,TUMIRITINGA,3169505
5391,TUPACIGUARA,3169604
5393,TURMALINA,3169703
5395,TURVOLANDIA,3169802
5397,UBA,3169901
5399,UBAI,3170008
5401,UBERABA,3170107
5403,UBERLANDIA,3170206
5405,UMBURATIBA,3170305
5407,UNAI,3170404
5409,URUCANIA,3170503
5411,VARGEM BONITA,3170602
5413,VARGINHA,3170701
5415,VARZEA DA PALMA,3170800
5417,VARZELANDIA,3170909
5419,VAZANTE,3171006
5421,WENCESLAU BRAZ,3172202
5423,VERISSIMO,3171105
5425,VESPASIANO,3171204
5427,VICOSA,3171303
5429,VIEIRAS,3171402
5431,MATHIAS LOBATO,3171501
5433,VIRGEM DA LAPA,3171600
5435,VIRGINIA,3171709
5437,VIRGINOPOLIS,3171808
5439,VIRGOLANDIA,3171907
5441,VISCONDE DO RIO BRANCO,3172004
5443,VOLTA GRANDE,3172103
5445,SALTINHO,3545159
5447,SAO LOURENCO DA SERRA,3549953
5449,DOUTOR ULYSSES,4128633
5451,ITAPERUCU,4111258
5453,PINHAIS,4119152
5455,TUNAS DO PARANA,4127882
5457,NOVA SANTA BARBARA,4117214
5459,MAUA DA SERRA,4115754
5461,PITANGUEIRAS,4119657
5463,ANAHY,4101051
5465,DIAMANTE DO SUL,4107124
5467,IGUATU,4110052
5469,SANTA LUCIA,4123824
5471,BOA ESPERANCA DO IGUACU,4103024
5473,CRUZEIRO DO IGUACU,4106571
5475,FLOR DA SERRA DO SUL,4107850
5477,NOVA ESPERANCA DO SUDOESTE,4116950
5479,NOVA LARANJEIRAS,4117057
5481,RIO BONITO DO IGUACU,4122156
5483,VIRMOND,4128658
5485,IRACEMA DO OESTE,4110656
5487,MARIPA,4115358
5489,SAO PEDRO DO IGUACU,4125753
5491,CAFEZAL DO SUL,4103479
5493,SAUDADE DO IGUACU,4126272
5495,PINHAL DE SAO BENTO,4119251
5497,VENTANIA,4128534
5499,CANDOI,4104428
5501,LARANJAL,4113254
5503,MATO RICO,4115739
5505,SANTA MARIA DO OESTE,4123857
5507,LIDIANOPOLIS,4113429
5509,ANGULO,4101150
5511,FAROL,4107553
5513,RANCHO ALEGRE D'OESTE,4121356
5515,SAO MANOEL DO PARANA,4125555
5517,NOVO ITACOLOMI,4117297
5519,SANTA MONICA,4123956
5521,BRASILANDIA DO SUL,4103370
5523,ALTO PARAISO,4128625
5525,ITAIPULANDIA,4110953
5527,RAMILANDIA,4121257
5529,ENTRE RIOS DO OESTE,4107538
5531,MERCEDES,4115853
5533,PATO BRAGADO,4118451
5535,QUATRO PONTES,4120853
5537,BOMBINHAS,4202453
5539,MORRO GRANDE,4211256
5541,PASSO DE TORRES,4212254
5543,COCAL DO SUL,4204251
5545,CAPIVARI DE BAIXO,4203956
5547,SANGAO,4215455
5549,BALNEARIO BARRA DO SUL,4202057
5551,SAO JOAO DO ITAPERIU,4216354
5553,CALMON,4203154
5555,SANTA TEREZINHA,4215679
5557,BRACO DO TROMBUDO,4202859
5559,MIRIM DOCE,4210852
5561,MONTE CARLO,4211058
5563,VARGEM,4219150
5565,VARGEM BONITA,4219176
5567,CERRO NEGRO,4204178
5569,PONTE ALTA DO NORTE,4213351
5571,RIO RUFINO,4215059
5573,SAO CRISTOVAO DO SUL,4216057
5575,MACIEIRA,4210050
5577,AGUAS FRIAS,4200556
5579,CORDILHEIRA ALTA,4204350
5581,FORMOSA DO SUL,4205431
5583,GUATAMBU,4206652
5585,IRATI,4207858
5587,JARDINOPOLIS,4208955
5589,NOVA ITABERABA,4211454
5591,NOVO HORIZONTE,4211652
5593,PLANALTO ALEGRE,4213153
5595,SUL BRASIL,4217758
5597,ARABUTA,4201273
5599,ARVOREDO,4201653
5601,AFONSO CLAUDIO,3200102
5603,ALEGRE,3200201
5605,ALFREDO CHAVES,3200300
5607,ANCHIETA,3200409
5609,APIACA,3200508
5611,ARACRUZ,3200607
5613,ATILIO VIVACQUA,3200706
5615,BAIXO GUANDU,3200805
5617,BARRA DE SAO FRANCISCO,3200904
5619,BOA ESPERANCA,3201001
5621,BOM JESUS DO NORTE,3201100
5623,CACHOEIRO DE ITAPEMIRIM,3201209
5625,CARIACICA,3201308
5627,CASTELO,3201407
5629,COLATINA,3201506
5631,CONCEICAO DA BARRA,3201605
5633,CONCEICAO DO CASTELO,3201704
5635,DIVINO DE SAO LOURENCO,3201803
5637,DOMINGOS MARTINS,3201902
5639,DORES DO RIO PRETO,3202009
5641,ECOPORANGA,3202108
5643,FUNDAO,3202207
5645,GUACUI,3202306
5647,GUARAPARI,3202405
5649,IBIRACU,3202504
5651,ICONHA,3202603
5653,ITAGUACU,3202702
5655,ITAPEMIRIM,3202801
5657,ITARANA,3202900
5659,IUNA,3203007
5661,JERONIMO MONTEIRO,3203106
5663,LINHARES,3203205
5665,MANTENOPOLIS,3203304
5667,MIMOSO DO SUL,3203403
5669,MONTANHA,3203502
5671,MUCURICI,3203601
5673,MUNIZ FREIRE,3203700
5675,MUQUI,3203809
5677,NOVA VENECIA,3203908
5679,PANCAS,3204005
5681,PINHEIROS,3204104
5683,PIUMA,3204203
5685,PRESIDENTE KENNEDY,3204302
5687,RIO NOVO DO SUL,3204401
5689,SANTA LEOPOLDINA,3204500
5691,SANTA TERESA,3204609
5693,SAO GABRIEL DA PALHA,3204708
5695,SAO JOSE DO CALCADO,3204807
5697,SAO MATEUS,3204906
5699,SERRA,3205002
5701,VIANA,3205101
5703,VILA VELHA,3205200
5705,VITORIA,3205309
5707,MARILANDIA,3203353
5709,IBATIBA,3202454
5711,RIO BANANAL,3204351
5713,JAGUARE,3203056
5715,PEDRO CANARIO,3204054
5717,AGUA DOCE DO NORTE,3200169
5719,ALTO RIO NOVO,3200359
5721,JOAO NEIVA,3203130
5723,LARANJA DA TERRA,3203163
5725,SANTA MARIA DE JETIBA,3204559
5727,VARGEM ALTA,3205036
5729,VENDA NOVA DO IMIGRANTE,3205069
5731,ITAU DE MINAS,3133758
5733,AGUIA BRANCA,3200136
5735,CORONEL MARTINS,4204459
5737,IPUACU,4207684
5739,LAJEADO GRANDE,4209458
5741,OURO VERDE,4211850
5743,PASSOS MAIA,4212270
5745,BELMONTE,4202156
5747,PARAISO,4212239
5749,RIQUEZA,4215075
5751,SANTA HELENA,4215554
5753,SAO JOAO DO OESTE,4216255
5755,SAO MIGUEL DA BOA VISTA,4217154
5757,NOVA SANTA RITA,4313375
5759,MARIANA PIMENTEL,4311981
5761,SERTAO SANTANA,4320552
5763,GRAMADO XAVIER,4309159
5765,PASSO DO SOBRADO,4314076
5767,SINIMBU,4320677
5769,VALE DO SOL,4322533
5771,BARAO DO TRIUNFO,4301750
5773,MINAS DO LEAO,4312252
5775,MORRINHOS DO SUL,4312443
5777,TRES FORQUILHAS,4321832
5779,ARAMBARE,4300851
5781,SENTINELA DO SUL,4320354
5783,MAQUINE,4311775
5785,XANGRI-LA,4323804
5787,PINHAL GRANDE,4314472
5789,QUEVEDOS,4315321
5791,SAO JOAO DO POLESINE,4318432
5793,SAO MARTINHO DA SERRA,4319125
5795,VILA NOVA DO SUL,4323457
5797,COXILHA,4305975
5799,GENTIL,4308854
5801,ANGRA DOS REIS,3300100
5803,ARARUAMA,3300209
5805,BARRA DO PIRAI,3300308
5807,BARRA MANSA,3300407
5809,BOM JARDIM,3300506
5811,BOM JESUS DO ITABAPOANA,3300605
5813,CABO FRIO,3300704
5815,CACHOEIRAS DE MACACU,3300803
5817,CAMBUCI,3300902
5819,CAMPOS DOS GOYTACAZES,3301009
5821,CANTAGALO,3301108
5823,CARMO,3301207
5825,CASIMIRO DE ABREU,3301306
5827,CONCEICAO DE MACABU,3301405
5829,CORDEIRO,3301504
5831,DUAS BARRAS,3301603
5833,DUQUE DE CAXIAS,3301702
5835,ENGENHEIRO PAULO DE FRONTIN,3301801
5837,ITABORAI,3301900
5839,ITAGUAI,3302007
5841,ITAOCARA,3302106
5843,ITAPERUNA,3302205
5845,LAJE DO MURIAE,3302304
5847,MACAE,3302403
5849,MAGE,3302502
5851,MANGARATIBA,3302601
5853,MARICA,3302700
5855,MENDES,3302809
5857,MIGUEL PEREIRA,3302908
5859,MIRACEMA,3303005
5861,NATIVIDADE,3303104
5863,NILOPOLIS,3303203
5865,NITEROI,3303302
5867,NOVA FRIBURGO,3303401
5869,NOVA IGUACU,3303500
5871,PARACAMBI,3303609
5873,PARAIBA DO SUL,3303708
5875,PARATI,3303807
5877,PETROPOLIS,3303906
5879,PIRAI,3304003
5881,PORCIUNCULA,3304102
5883,RESENDE,3304201
5885,RIO BONITO,3304300
5887,RIO CLARO,3304409
5889,RIO DAS FLORES,3304508
5891,SANTA MARIA MADALENA,3304607
5893,SANTO ANTONIO DE PADUA,3304706
5895,SAO FIDELIS,3304805
5897,SAO GONCALO,3304904
5899,SAO JOAO DA BARRA,3305000
5901,SAO JOAO DE MERITI,3305109
5903,SAO PEDRO DA ALDEIA,3305208
5905,SAO SEBASTIAO DO ALTO,3305307
5907,SAPUCAIA,3305406
5909,SAQUAREMA,3305505
5911,SILVA JARDIM,3305604
5913,SUMIDOURO,3305703
5915,TERESOPOLIS,3305802
5917,TRAJANO DE MORAES,3305901
5919,TRES RIOS,3306008
5921,VALENCA,3306107
5923,VASSOURAS,3306206
5925,VOLTA REDONDA,3306305
5927,ARRAIAL DO CABO,3300258
5929,ITALVA,3302056
5931,MATO CASTELHANO,4312138
5933,MORMACO,4312427
5935,MULITERNO,4312625
5937,NICOLAU VERGUEIRO,4312674
5939,PONTAO,4314779
5941,SANTO ANTONIO DO PALMA,4317558
5943,BARRA FUNDA,4301958
5945,COQUEIROS DO SUL,4305850
5947,ENGENHO VELHO,4306924
5949,GRAMADO DOS LOUREIROS,4309126
5951,LAGOA DOS TRES CANTOS,4311270
5953,NOVA BOA VISTA,4312955
5955,RIO DOS INDIOS,4315552
5957,SANTO ANTONIO DO PLANALTO,4317756
5959,BARRA DO RIO AZUL,4301925
5961,CARLOS GOMES,4304853
5963,CENTENARIO,4305116
5965,CHARRUA,4305371
5967,PONTE PRETA,4314787
5969,AMETISTA DO SUL,4300646
5971,DOIS IRMAOS DAS MISSOES,4306429
5973,NOVO TIRADENTES,4313441
5975,PINHEIRINHO DO VALE,4314498
5977,SANTO EXPEDITO DO SUL,4317954
5979,TUPANCI DO SUL,4322186
5981,BOA VISTA DAS MISSOES,4302154
5983,LAJEADO DO BUGRE,4311429
5985,NOVO BARREIRO,4313490
5987,SAGRADA FAMILIA,4316428
5989,SAO JOSE DAS MISSOES,4318457
5991,NOVA PADUA,4313086
5993,MONTE BELO DO SUL,4312385
5995,SANTA TEREZA,4317251
5997,SAO VALENTIM DO SUL,4319711
5999,UNIAO DA SERRA,4322350
6001,RIO DE JANEIRO,3304557
6003,ITATIAIA,3302254
6005,PATY DO ALFERES,3303856
6007,QUISSAMA,3304151
6009,SAO JOSE DO VALE DO RIO PRETO,3305158
6011,IBITIRAMA,3202553
6013,CAMPESTRE DA SERRA,4303673
6015,SAO JOSE DOS AUSENTES,4318622
6017,LINDOLFO COLLOR,4311627
6019,MORRO REUTER,4312476
6021,PICADA CAFE,4314423
6023,PRESIDENTE LUCENA,4315149
6025,CAPITAO,4304697
6027,ITAPUCA,4310579
6029,COLINAS,4305587
6031,MATO LEITAO,4312153
6033,SANTA CLARA DO SUL,4316758
6035,SERIO,4320453
6037,TRAVESSEIRO,4321626
6039,MARATA,4311791
6041,PARECI NOVO,4314035
6043,SAO PEDRO DA SERRA,4319356
6045,ALTO FELIZ,4300570
6047,LINHA NOVA,4311643
6049,VALE REAL,4322541
6051,INHACORA,4310413
6053,VITORIA DAS MISSOES,4323754
6055,CORONEL BARROS,4305871
6057,NOVO MACHADO,4313425
6059,SAO JOSE DO INHACORA,4318499
6061,SALVADOR DAS MISSOES,4316477
6063,SAO PEDRO DO BUTIA,4319372
6065,PORTO MAUA,4315057
6067,PORTO VERA CRUZ,4315073
6069,BARRA DO GUARITA,4301859
6071,BOM PROGRESSO,4302378
6073,DERRUBADAS,4306320
6075,SAO VALERIO DO SUL,4319737
6077,TIRADENTES DO SUL,4321477
6079,MANOEL VIANA,4311759
6081,GARRUCHOS,4308656
6083,CANDIOTA,4304358
6085,HULHA NEGRA,4309654
6087,SAO JOSE DO POVO,5107297
6101,ADAMANTINA,3500105
6103,ADOLFO,3500204
6105,AGUAI,3500303
6107,AGUAS DA PRATA,3500402
6109,AGUAS DE LINDOIA,3500501
6111,AGUAS DE SAO PEDRO,3500600
6113,AGUDOS,3500709
6115,ALFREDO MARCONDES,3500808
6117,ALTAIR,3500907
6119,ALTINOPOLIS,3501004
6121,ALTO ALEGRE,3501103
6123,ALVARES FLORENCE,3501202
6125,ALVARES MACHADO,3501301
6127,ALVARO DE CARVALHO,3501400
6129,ALVINLANDIA,3501509
6131,AMERICANA,3501608
6133,AMERICO BRASILIENSE,3501707
6135,AMERICO DE CAMPOS,3501806
6137,AMPARO,3501905
6139,ANALANDIA,3502002
6141,ANDRADINA,3502101
6143,ANGATUBA,3502200
6145,ANHEMBI,3502309
6147,ANHUMAS,3502408
6149,APARECIDA,3502507
6151,APARECIDA D'OESTE,3502606
6153,APIAI,3502705
6155,ARACATUBA,3502804
6157,ARACOIABA DA SERRA,3502903
6159,ARAMINA,3503000
6161,ARANDU,3503109
6163,ARARAQUARA,3503208
6165,ARARAS,3503307
6167,AREALVA,3503406
6169,AREIAS,3503505
6171,AREIOPOLIS,3503604
6173,ARIRANHA,3503703
6175,ARTUR NOGUEIRA,3503802
6177,ARUJA,3503901
6179,ASSIS,3504008
6181,ATIBAIA,3504107
6183,AURIFLAMA,3504206
6185,AVAI,3504305
6187,AVANHANDAVA,3504404
6189,AVARE,3504503
6191,BADY BASSITT,3504602
6193,BALBINOS,3504701
6195,BALSAMO,3504800
6197,BANANAL,3504909
6199,BARBOSA,3505104
6201,BARAO DE ANTONINA,3505005
6203,BARIRI,3505203
6205,BARRA BONITA,3505302
6207,BARRA DO TURVO,3505401
6209,BARRETOS,3505500
6211,BARRINHA,3505609
6213,BARUERI,3505708
6215,BASTOS,3505807
6217,BATATAIS,3505906
6219,BAURU,3506003
6221,BEBEDOURO,3506102
6223,BENTO DE ABREU,3506201
6225,BERNARDINO DE CAMPOS,3506300
6227,BILAC,3506409
6229,BIRIGUI,3506508
6231,BIRITIBA-MIRIM,3506607
6233,BOA ESPERANCA DO SUL,3506706
6235,BOCAINA,3506805
6237,BOFETE,3506904
6239,BOITUVA,3507001
6241,BOM JESUS DOS PERDOES,3507100
6243,BORA,3507209
6245,BORACEIA,3507308
6247,BORBOREMA,3507407
6249,BOTUCATU,3507506
6251,BRAGANCA PAULISTA,3507605
6255,BRAUNA,3507704
6257,BRODOWSKI,3507803
6259,BROTAS,3507902
6261,BURI,3508009
6263,BURITAMA,3508108
6265,BURITIZAL,3508207
6267,CABRALIA PAULISTA,3508306
6269,CABREUVA,3508405
6271,CACAPAVA,3508504
6273,CACHOEIRA PAULISTA,3508603
6275,CACONDE,3508702
6277,CAFELANDIA,3508801
6279,CAIABU,3508900
6281,CAIEIRAS,3509007
6283,CAIUA,3509106
6285,CAJAMAR,3509205
6287,CAJOBI,3509304
6289,CAJURU,3509403
6291,CAMPINAS,3509502
6293,CAMPO LIMPO PAULISTA,3509601
6295,CAMPOS DO JORDAO,3509700
6297,CAMPOS NOVOS PAULISTA,3509809
6299,CANANEIA,3509908
6301,CANDIDO MOTA,3510005
6303,CANDIDO RODRIGUES,3510104
6305,CAPAO BONITO,3510203
6307,CAPELA DO ALTO,3510302
6309,CAPIVARI,3510401
6311,CARAGUATATUBA,3510500
6313,CARAPICUIBA,3510609
6315,CARDOSO,3510708
6317,CASA BRANCA,3510807
6319,CASSIA DOS COQUEIROS,3510906
6321,CASTILHO,3511003
6323,CATANDUVA,3511102
6325,CATIGUA,3511201
6327,CEDRAL,3511300
6329,CERQUEIRA CESAR,3511409
6331,CERQUILHO,3511508
6333,CESARIO LANGE,3511607
6335,CHARQUEADA,3511706
6337,CHAVANTES,3557204
6339,CLEMENTINA,3511904
6341,COLINA,3512001
6343,COLOMBIA,3512100
6345,CONCHAL,3512209
6347,CONCHAS,3512308
6349,CORDEIROPOLIS,3512407
6351,COROADOS,3512506
6353,CORONEL MACEDO,3512605
6355,CORUMBATAI,3512704
6357,COSMOPOLIS,3512803
6359,COSMORAMA,3512902
6361,COTIA,3513009
6363,CRAVINHOS,3513108
6365,CRISTAIS PAULISTA,3513207
6367,CRUZALIA,3513306
6369,CRUZEIRO,3513405
6371,CUBATAO,3513504
6373,CUNHA,3513603
6375,DESCALVADO,3513702
6377,DIADEMA,3513801
6379,DIVINOLANDIA,3513900
6381,DOBRADA,3514007
6383,DOIS CORREGOS,3514106
6385,DOLCINOPOLIS,3514205
6387,DOURADO,3514304
6389,DRACENA,3514403
6391,DUARTINA,3514502
6393,DUMONT,3514601
6395,ECHAPORA,3514700
6397,ELDORADO,3514809
6399,ELIAS FAUSTO,3514908
6401,EMBU DAS ARTES,3515004
6403,EMBU-GUACU,3515103
6405,ESTRELA D'OESTE,3515202
6407,ESTRELA DO NORTE,3515301
6409,FARTURA,3515400
6411,FERNANDOPOLIS,3515509
6413,FERNANDO PRESTES,3515608
6415,FERRAZ DE VASCONCELOS,3515707
6417,FLORA RICA,3515806
6419,FLOREAL,3515905
6421,FLORIDA PAULISTA,3516002
6423,FLORINEA,3516101
6425,FRANCA,3516200
6427,FRANCISCO MORATO,3516309
6429,FRANCO DA ROCHA,3516408
6431,GABRIEL MONTEIRO,3516507
6433,GALIA,3516606
6435,GARCA,3516705
6437,GASTAO VIDIGAL,3516804
6439,GENERAL SALGADO,3516903
6441,GETULINA,3517000
6443,GLICERIO,3517109
6445,GUAICARA,3517208
6447,GUAIMBE,3517307
6449,GUAIRA,3517406
6451,GUAPIACU,3517505
6453,GUAPIARA,3517604
6455,GUARA,3517703
6457,GUARACAI,3517802
6459,GUARACI,3517901
6461,GUARANI D'OESTE,3518008
6463,GUARANTA,3518107
6465,GUARARAPES,3518206
6467,GUARAREMA,3518305
6469,GUARATINGUETA,3518404
6471,GUAREI,3518503
6473,GUARIBA,3518602
6475,GUARUJA,3518701
6477,GUARULHOS,3518800
6479,GUZOLANDIA,3518909
6481,HERCULANDIA,3519006
6483,IACANGA,3519105
6485,IACRI,3519204
6487,IBATE,3519303
6489,IBIRA,3519402
6491,IBIRAREMA,3519501
6493,IBITINGA,3519600
6495,IBIUNA,3519709
6497,ICEM,3519808
6499,IEPE,3519907
6501,IGARACU DO TIETE,3520004
6503,IGARAPAVA,3520103
6505,IGARATA,3520202
6507,IGUAPE,3520301
6509,ILHABELA,3520400
6511,INDAIATUBA,3520509
6513,INDIANA,3520608
6515,INDIAPORA,3520707
6517,INUBIA PAULISTA,3520806
6519,IPAUSSU,3520905
6521,IPERO,3521002
6523,IPEUNA,3521101
6525,IPORANGA,3521200
6527,IPUA,3521309
6529,IRACEMAPOLIS,3521408
6531,IRAPUA,3521507
6533,IRAPURU,3521606
6535,ITABERA,3521705
6537,ITAI,3521804
6539,ITAJOBI,3521903
6541,ITAJU,3522000
6543,ITANHAEM,3522109
6545,ITAPECERICA DA SERRA,3522208
6547,ITAPETININGA,3522307
6549,ITAPEVA,3522406
6551,ITAPEVI,3522505
6553,ITAPIRA,3522604
6555,ITAPOLIS,3522703
6557,ITAPORANGA,3522802
6559,ITAPUI,3522901
6561,ITAPURA,3523008
6563,ITAQUAQUECETUBA,3523107
6565,ITARARE,3523206
6567,ITARIRI,3523305
6569,ITATIBA,3523404
6571,ITATINGA,3523503
6573,ITIRAPINA,3523602
6575,ITIRAPUA,3523701
6577,ITOBI,3523800
6579,ITU,3523909
6581,ITUPEVA,3524006
6583,ITUVERAVA,3524105
6585,JABORANDI,3524204
6587,JABOTICABAL,3524303
6589,JACAREI,3524402
6591,JACI,3524501
6593,JACUPIRANGA,3524600
6595,JAGUARIUNA,3524709
6597,JALES,3524808
6599,JAMBEIRO,3524907
6601,JANDIRA,3525003
6603,JARDINOPOLIS,3525102
6605,JARINU,3525201
6607,JAU,3525300
6609,JERIQUARA,3525409
6611,JOANOPOLIS,3525508
6613,JOAO RAMALHO,3525607
6615,JOSE BONIFACIO,3525706
6617,JULIO MESQUITA,3525805
6619,JUNDIAI,3525904
6621,JUNQUEIROPOLIS,3526001
6623,JUQUIA,3526100
6625,JUQUITIBA,3526209
6627,LAGOINHA,3526308
6629,LARANJAL PAULISTA,3526407
6631,LAVINIA,3526506
6633,LAVRINHAS,3526605
6635,LEME,3526704
6637,LENCOIS PAULISTA,3526803
6639,LIMEIRA,3526902
6641,LINDOIA,3527009
6643,LINS,3527108
6645,LORENA,3527207
6647,LOUVEIRA,3527306
6649,LUCELIA,3527405
6651,LUCIANOPOLIS,3527504
6653,LUIS ANTONIO,3527603
6655,LUIZIANIA,3527702
6657,LUPERCIO,3527801
6659,LUTECIA,3527900
6661,MACATUBA,3528007
6663,MACAUBAL,3528106
6665,MACEDONIA,3528205
6667,MAGDA,3528304
6669,MAIRINQUE,3528403
6671,MAIRIPORA,3528502
6673,MANDURI,3528601
6675,MARABA PAULISTA,3528700
6677,MARACAI,3528809
6679,MARIAPOLIS,3528908
6681,MARILIA,3529005
6683,MARINOPOLIS,3529104
6685,MARTINOPOLIS,3529203
6687,MATAO,3529302
6689,MAUA,3529401
6691,MENDONCA,3529500
6693,MERIDIANO,3529609
6695,MIGUELOPOLIS,3529708
6697,MINEIROS DO TIETE,3529807
6699,MIRACATU,3529906
6701,MIRA ESTRELA,3530003
6703,MIRANDOPOLIS,3530102
6705,MIRANTE DO PARANAPANEMA,3530201
6707,MIRASSOL,3530300
6709,MIRASSOLANDIA,3530409
6711,MOCOCA,3530508
6713,MOGI DAS CRUZES,3530607
6715,MOGI GUACU,3530706
6717,MOGI MIRIM,3530805
6719,MOMBUCA,3530904
6721,MONCOES,3531001
6723,MONGAGUA,3531100
6725,MONTE ALEGRE DO SUL,3531209
6727,MONTE ALTO,3531308
6729,MONTE APRAZIVEL,3531407
6731,MONTE AZUL PAULISTA,3531506
6733,MONTE CASTELO,3531605
6735,MONTEIRO LOBATO,3531704
6737,MONTE MOR,3531803
6739,MORRO AGUDO,3531902
6741,MORUNGABA,3532009
6743,MURUTINGA DO SUL,3532108
6745,NARANDIBA,3532207
6747,NATIVIDADE DA SERRA,3532306
6749,NAZARE PAULISTA,3532405
6751,NEVES PAULISTA,3532504
6753,NHANDEARA,3532603
6755,NIPOA,3532702
6757,NOVA ALIANCA,3532801
6759,NOVA EUROPA,3532900
6761,NOVA GRANADA,3533007
6763,NOVA GUATAPORANGA,3533106
6765,NOVA INDEPENDENCIA,3533205
6767,NOVA LUZITANIA,3533304
6769,NOVA ODESSA,3533403
6771,NOVO HORIZONTE,3533502
6773,NUPORANGA,3533601
6775,OCAUCU,3533700
6777,OLEO,3533809
6779,OLIMPIA,3533908
6781,ONDA VERDE,3534005
6783,ORIENTE,3534104
6785,ORINDIUVA,3534203
6787,ORLANDIA,3534302
6789,OSASCO,3534401
6791,OSCAR BRESSANE,3534500
6793,OSVALDO CRUZ,3534609
6795,OURINHOS,3534708
6797,OURO VERDE,3534807
6799,PACAEMBU,3534906
6801,PALESTINA,3535002
6803,PALMARES PAULISTA,3535101
6805,PALMEIRA D'OESTE,3535200
6807,PALMITAL,3535309
6809,PANORAMA,3535408
6811,PARAGUACU PAULISTA,3535507
6813,PARAIBUNA,3535606
6815,PARAISO,3535705
6817,PARANAPANEMA,3535804
6819,PARANAPUA,3535903
6821,PARAPUA,3536000
6823,PARDINHO,3536109
6825,PARIQUERA-ACU,3536208
6827,PATROCINIO PAULISTA,3536307
6829,PAULICEIA,3536406
6831,PAULINIA,3536505
6833,PAULO DE FARIA,3536604
6835,PEDERNEIRAS,3536703
6837,PEDRA BELA,3536802
6839,PEDRANOPOLIS,3536901
6841,PEDREGULHO,3537008
6843,PEDREIRA,3537107
6845,PEDRO DE TOLEDO,3537206
6847,PENAPOLIS,3537305
6849,PEREIRA BARRETO,3537404
6851,PEREIRAS,3537503
6853,PERUIBE,3537602
6855,PIACATU,3537701
6857,PIEDADE,3537800
6859,PILAR DO SUL,3537909
6861,PINDAMONHANGABA,3538006
6863,PINDORAMA,3538105
6865,ESPIRITO SANTO DO PINHAL,3515186
6867,PINHALZINHO,3538204
6869,PIQUEROBI,3538303
6871,PIQUETE,3538501
6873,PIRACAIA,3538600
6875,PIRACICABA,3538709
6877,PIRAJU,3538808
6879,PIRAJUI,3538907
6881,PIRANGI,3539004
6883,PIRAPORA DO BOM JESUS,3539103
6885,PIRAPOZINHO,3539202
6887,PIRASSUNUNGA,3539301
6889,PIRATININGA,3539400
6891,PITANGUEIRAS,3539509
6893,PLANALTO,3539608
6895,PLATINA,3539707
6897,POA,3539806
6899,POLONI,3539905
6901,POMPEIA,3540002
6903,PONGAI,3540101
6905,PONTAL,3540200
6907,PONTES GESTAL,3540309
6909,POPULINA,3540408
6911,PORANGABA,3540507
6913,PORTO FELIZ,3540606
6915,PORTO FERREIRA,3540705
6917,POTIRENDABA,3540804
6919,PRADOPOLIS,3540903
6921,PRAIA GRANDE,3541000
6923,PRESIDENTE ALVES,3541109
6925,PRESIDENTE BERNARDES,3541208
6927,PRESIDENTE EPITACIO,3541307
6929,PRESIDENTE PRUDENTE,3541406
6931,PRESIDENTE VENCESLAU,3541505
6933,PROMISSAO,3541604
6935,QUATA,3541703
6937,QUEIROZ,3541802
6939,QUELUZ,3541901
6941,QUINTANA,3542008
6943,RAFARD,3542107
6945,RANCHARIA,3542206
6947,REDENCAO DA SERRA,3542305
6949,REGENTE FEIJO,3542404
6951,REGINOPOLIS,3542503
6953,REGISTRO,3542602
6955,RESTINGA,3542701
6957,RIBEIRA,3542800
6959,RIBEIRAO BONITO,3542909
6961,RIBEIRAO BRANCO,3543006
6963,RIBEIRAO CORRENTE,3543105
6965,RIBEIRAO DO SUL,3543204
6967,RIBEIRAO PIRES,3543303
6969,RIBEIRAO PRETO,3543402
6971,RIVERSUL,3543501
6973,RIFAINA,3543600
6975,RINCAO,3543709
6977,RINOPOLIS,3543808
6979,RIO CLARO,3543907
6981,RIO DAS PEDRAS,3544004
6983,RIO GRANDE DA SERRA,3544103
6985,RIOLANDIA,3544202
6987,ROSEIRA,3544301
6989,RUBIACEA,3544400
6991,RUBINEIA,3544509
6993,SABINO,3544608
6995,SAGRES,3544707
6997,SALES,3544806
6999,SALES OLIVEIRA,3544905
7001,SALESOPOLIS,3545001
7003,SALMOURAO,3545100
7005,SALTO,3545209
7007,SALTO DE PIRAPORA,3545308
7009,SALTO GRANDE,3545407
7011,SANDOVALINA,3545506
7013,SANTA ADELIA,3545605
7015,SANTA ALBERTINA,3545704
7017,SANTA BARBARA D'OESTE,3545803
7019,AGUAS DE SANTA BARBARA,3500550
7021,SANTA BRANCA,3546009
7023,SANTA CLARA D'OESTE,3546108
7025,SANTA CRUZ DA CONCEICAO,3546207
7027,SANTA CRUZ DAS PALMEIRAS,3546306
7029,SANTA CRUZ DO RIO PARDO,3546405
7031,SANTA ERNESTINA,3546504
7033,SANTA FE DO SUL,3546603
7035,SANTA GERTRUDES,3546702
7037,SANTA ISABEL,3546801
7039,SANTA LUCIA,3546900
7041,SANTA MARIA DA SERRA,3547007
7043,SANTA MERCEDES,3547106
7045,SANTANA DA PONTE PENSA,3547205
7047,SANTANA DE PARNAIBA,3547304
7049,SANTA RITA D'OESTE,3547403
7051,SANTA RITA DO PASSA QUATRO,3547502
7053,SANTA ROSA DE VITERBO,3547601
7055,SANTO ANASTACIO,3547700
7057,SANTO ANDRE,3547809
7059,SANTO ANTONIO DA ALEGRIA,3547908
7061,SANTO ANTONIO DE POSSE,3548005
7063,SANTO ANTONIO DO JARDIM,3548104
7065,SANTO ANTONIO DO PINHAL,3548203
7067,SANTO EXPEDITO,3548302
7069,SANTOPOLIS DO AGUAPEI,3548401
7071,SANTOS,3548500
7073,SAO BENTO DO SAPUCAI,3548609
7075,SAO BERNARDO DO CAMPO,3548708
7077,SAO CAETANO DO SUL,3548807
7079,SAO CARLOS,3548906
7081,SAO FRANCISCO,3549003
7083,SAO JOAO DA BOA VISTA,3549102
7085,SAO JOAO DAS DUAS PONTES,3549201
7087,SAO JOAO DO PAU D'ALHO,3549300
7089,SAO JOAQUIM DA BARRA,3549409
7091,SAO JOSE DA BELA VISTA,3549508
7093,SAO JOSE DO BARREIRO,3549607
7095,SAO JOSE DO RIO PARDO,3549706
7097,SAO JOSE DO RIO PRETO,3549805
7099,SAO JOSE DOS CAMPOS,3549904
7101,SAO LUIZ DO PARAITINGA,3550001
7103,SAO MANUEL,3550100
7105,SAO MIGUEL ARCANJO,3550209
7107,SAO PAULO,3550308
7109,SAO PEDRO,3550407
7111,SAO PEDRO DO TURVO,3550506
7113,SAO ROQUE,3550605
7115,SAO SEBASTIAO,3550704
7117,SAO SEBASTIAO DA GRAMA,3550803
7119,SAO SIMAO,3550902
7121,SAO VICENTE,3551009
7123,SARAPUI,3551108
7125,SARUTAIA,3551207
7127,SEBASTIANOPOLIS DO SUL,3551306
7129,SERRA AZUL,3551405
7131,SERRANA,3551504
7133,SERRA NEGRA,3551603
7135,SERTAOZINHO,3551702
7137,SETE BARRAS,3551801
7139,SEVERINIA,3551900
7141,SILVEIRAS,3552007
7143,SOCORRO,3552106
7145,SOROCABA,3552205
7147,SUD MENNUCCI,3552304
7149,SUMARE,3552403
7151,SUZANO,3552502
7153,TABAPUA,3552601
7155,TABATINGA,3552700
7157,TABOAO DA SERRA,3552809
7159,TACIBA,3552908
7161,TAGUAI,3553005
7163,TAIACU,3553104
7165,TAIUVA,3553203
7167,TAMBAU,3553302
7169,TANABI,3553401
7171,TAPIRAI,3553500
7173,TAPIRATIBA,3553609
7175,TAQUARITINGA,3553708
7177,TAQUARITUBA,3553807
7179,TARABAI,3553906
7181,TATUI,3554003
7183,TAUBATE,3554102
7185,TEJUPA,3554201
7187,TEODORO SAMPAIO,3554300
7189,TERRA ROXA,3554409
7191,TIETE,3554508
7193,TIMBURI,3554607
7195,TORRINHA,3554706
7197,TREMEMBE,3554805
7199,TRES FRONTEIRAS,3554904
7201,TUPA,3555000
7203,TUPI PAULISTA,3555109
7205,TURIUBA,3555208
7207,TURMALINA,3555307
7209,UBATUBA,3555406
7211,UBIRAJARA,3555505
7213,UCHOA,3555604
7215,UNIAO PAULISTA,3555703
7217,URANIA,3555802
7219,URU,3555901
7221,URUPES,3556008
7223,VALENTIM GENTIL,3556107
7225,VALINHOS,3556206
7227,VALPARAISO,3556305
7231,VARGEM GRANDE DO SUL,3556404
7233,VARZEA PAULISTA,3556503
7235,VERA CRUZ,3556602
7237,VINHEDO,3556701
7239,VIRADOURO,3556800
7241,VISTA ALEGRE DO ALTO,3556909
7243,VOTORANTIM,3557006
7245,VOTUPORANGA,3557105
7247,BOREBI,3507456
7249,DIRCE REIS,3513850
7251,EMBAUBA,3514957
7253,ESPIRITO SANTO DO TURVO,3515194
7255,EUCLIDES DA CUNHA PAULISTA,3515350
7257,GUATAPARA,3518859
7259,IARAS,3519253
7263,MOTUCA,3532058
7265,ROSANA,3544251
7267,TARUMA,3553955
7273,VARGEM GRANDE PAULISTA,3556453
7293,SAO VENDELINO,4319752
7295,IMIGRANTE,4310363
7297,IMBE,4310330
7299,IBIRAPUITA,4309951
7301,ESTACAO,4307559
7303,VISTA GAUCHA,4323705
7305,VISTA ALEGRE DO PRATA,4323606
7307,VISTA ALEGRE,4323507
7309,VILA MARIA,4323408
7311,VILA FLORES,4323309
7313,TAQUARUCU DO SUL,4321329
7315,SILVEIRA MARTINS,4320651
7317,SEGREDO,4320263
7319,VANINI,4322558
7321,TUPANDI,4322251
7323,TUNAS,4322152
7325,TRINDADE DO SUL,4321956
7327,TRES PALMEIRAS,4321857
7329,TRES CACHOEIRAS,4321667
7331,TRES ARROIOS,4321634
7333,TERRA DE AREIA,4321436
7335,SEDE NOVA,4320230
7337,SANTA MARIA DO HERVAL,4316956
7339,SALDANHA MARINHO,4316436
7341,SAO MIGUEL DAS MISSOES,4319158
7343,SAO JOSE DO HORTENCIO,4318481
7345,SAO JOSE DO HERVAL,4318465
7347,SAO JORGE,4318440
7349,SAO JOAO DA URTIGA,4318424
7351,SAO DOMINGOS DO SUL,4318051
7353,RIOZINHO,4315750
7355,RELVADO,4315453
7357,QUINZE DE NOVEMBRO,4315354
7359,PROTASIO ALVES,4315172
7361,PROGRESSO,4315156
7363,POUSO NOVO,4315131
7365,POCO DAS ANTAS,4314753
7367,PIRAPO,4314555
7369,PINHAL,4314456
7371,PAVERAMA,4314159
7373,PARAISO DO SUL,4314027
7375,PANTANO GRANDE,4313953
7377,NOVA ROMA DO SUL,4313359
7379,NOVA HARTZ,4313060
7381,NOVA ESPERANCA DO SUL,4313037
7383,NOVA ALVORADA,4312757
7385,MORRO REDONDO,4312450
7387,MONTAURI,4312351
7389,LAGOAO,4311254
7391,JAQUIRANA,4311122
7393,JABOTICABA,4310850
7395,IVORA,4310751
7397,ITACURUBI,4310553
7399,IPIRANGA DO SUL,4310462
7401,ABATIA,4100103
7403,ADRIANOPOLIS,4100202
7405,AGUDOS DO SUL,4100301
7407,ALMIRANTE TAMANDARE,4100400
7409,ALTO PARANA,4100608
7411,ALTO PIQUIRI,4100707
7413,ALVORADA DO SUL,4100806
7415,AMAPORA,4100905
7417,AMPERE,4101002
7419,ANDIRA,4101101
7421,ANTONINA,4101200
7423,ANTONIO OLINTO,4101309
7425,APUCARANA,4101408
7427,ARAPONGAS,4101507
7429,ARAPOTI,4101606
7431,ARARUNA,4101705
7433,MARILANDIA DO SUL,4114906
7435,ARAUCARIA,4101804
7437,ASSAI,4101903
7439,ASTORGA,4102109
7441,ATALAIA,4102208
7443,BALSA NOVA,4102307
7445,BANDEIRANTES,4102406
7447,BARBOSA FERRAZ,4102505
7449,BARRACAO,4102604
7451,BARRA DO JACARE,4102703
7453,BELA VISTA DO PARAISO,4102802
7455,BITURUNA,4102901
7457,BOA ESPERANCA,4103008
7459,BOCAIUVA DO SUL,4103107
7461,BOM SUCESSO,4103206
7463,BORRAZOPOLIS,4103305
7465,CAFEARA,4103404
7467,CALIFORNIA,4103503
7469,CAMBARA,4103602
7471,CAMBE,4103701
7473,CAMBIRA,4103800
7475,CAMPINA DA LAGOA,4103909
7477,CAMPINA GRANDE DO SUL,4104006
7479,CAMPO DO TENENTE,4104105
7481,CAMPO LARGO,4104204
7483,CAMPO MOURAO,4104303
7485,CANDIDO DE ABREU,4104402
7487,CAPANEMA,4104501
7489,CAPITAO LEONIDAS MARQUES,4104600
7491,CARLOPOLIS,4104709
7493,CASCAVEL,4104808
7495,CASTRO,4104907
7497,CATANDUVAS,4105003
7499,CENTENARIO DO SUL,4105102
7501,CERRO AZUL,4105201
7503,CHOPINZINHO,4105409
7505,CIANORTE,4105508
7507,CIDADE GAUCHA,4105607
7509,CLEVELANDIA,4105706
7511,MANGUEIRINHA,4114401
7513,COLOMBO,4105805
7515,COLORADO,4105904
7517,CONGONHINHAS,4106001
7519,CONSELHEIRO MAIRINCK,4106100
7521,CONTENDA,4106209
7523,CORBELIA,4106308
7525,CORNELIO PROCOPIO,4106407
7527,CORONEL VIVIDA,4106506
7529,CRUZEIRO DO OESTE,4106605
7531,CRUZEIRO DO SUL,4106704
7533,CRUZ MACHADO,4106803
7535,CURITIBA,4106902
7537,CURIUVA,4107009
7539,DIAMANTE DO NORTE,4107108
7541,DOIS VIZINHOS,4107207
7543,DOUTOR CAMARGO,4107306
7545,ENEAS MARQUES,4107405
7547,ENGENHEIRO BELTRAO,4107504
7549,FAXINAL,4107603
7551,FENIX,4107702
7553,FLORAI,4107801
7555,FLORESTA,4107900
7557,FLORESTOPOLIS,4108007
7559,FLORIDA,4108106
7561,FORMOSA DO OESTE,4108205
7563,FOZ DO IGUACU,4108304
7565,FRANCISCO BELTRAO,4108403
7567,GENERAL CARNEIRO,4108502
7569,GOIOERE,4108601
7571,GUAIRA,4108809
7573,GUAIRACA,4108908
7575,GUAPIRAMA,4109005
7577,GUAPOREMA,4109104
7579,GUARACI,4109203
7581,GUARANIACU,4109302
7583,GUARAPUAVA,4109401
7585,GUARAQUECABA,4109500
7587,GUARATUBA,4109609
7589,IBAITI,4109708
7591,IBIPORA,4109807
7593,ICARAIMA,4109906
7595,IGUARACU,4110003
7597,IMBITUVA,4110102
7599,INACIO MARTINS,4110201
7601,INAJA,4110300
7603,IPIRANGA,4110508
7605,IPORA,4110607
7607,IRATI,4110706
7609,IRETAMA,4110805
7611,ITAGUAJE,4110904
7613,ITAMBARACA,4111001
7615,ITAMBE,4111100
7617,ITAPEJARA D'OESTE,4111209
7619,ITAUNA DO SUL,4111308
7621,IVAI,4111407
7623,IVAIPORA,4111506
7625,IVATUBA,4111605
7627,JABOTI,4111704
7629,JACAREZINHO,4111803
7631,JAGUAPITA,4111902
7633,JAGUARIAIVA,4112009
7635,JANDAIA DO SUL,4112108
7637,JANIOPOLIS,4112207
7639,JAPIRA,4112306
7641,JAPURA,4112405
7643,JARDIM ALEGRE,4112504
7645,JARDIM OLINDA,4112603
7647,JATAIZINHO,4112702
7649,JOAQUIM TAVORA,4112801
7651,JUNDIAI DO SUL,4112900
7653,JUSSARA,4113007
7655,KALORE,4113106
7657,LAPA,4113205
7659,LARANJEIRAS DO SUL,4113304
7661,LEOPOLIS,4113403
7663,LOANDA,4113502
7665,LOBATO,4113601
7667,LONDRINA,4113700
7669,LUPIONOPOLIS,4113809
7671,MALLET,4113908
7673,MAMBORE,4114005
7675,MANDAGUACU,4114104
7677,MANDAGUARI,4114203
7679,MANDIRITUBA,4114302
7681,MANOEL RIBAS,4114500
7683,MARECHAL CANDIDO RONDON,4114609
7685,MARIA HELENA,4114708
7687,MARIALVA,4114807
7689,MARILUZ,4115101
7691,MARINGA,4115200
7693,MARIOPOLIS,4115309
7695,MARMELEIRO,4115408
7697,MARUMBI,4115507
7699,MATELANDIA,4115606
7701,MEDIANEIRA,4115804
7703,MIRADOR,4115903
7705,MIRASELVA,4116000
7707,MOREIRA SALES,4116109
7709,MORRETES,4116208
7711,MUNHOZ DE MELO,4116307
7713,NOSSA SENHORA DAS GRACAS,4116406
7715,NOVA ALIANCA DO IVAI,4116505
7717,NOVA AMERICA DA COLINA,4116604
7719,NOVA CANTU,4116802
7721,NOVA ESPERANCA,4116901
7723,NOVA FATIMA,4117008
7725,NOVA LONDRINA,4117107
7727,ORTIGUEIRA,4117305
7729,OURIZONA,4117404
7731,PAICANDU,4117503
7733,PALMAS,4117602
7735,PALMEIRA,4117701
7737,PALMITAL,4117800
7739,PALOTINA,4117909
7741,PARAISO DO NORTE,4118006
7743,PARANACITY,4118105
7745,PARANAGUA,4118204
7747,PARANAPOEMA,4118303
7749,PARANAVAI,4118402
7751,PATO BRANCO,4118501
7753,PAULA FREITAS,4118600
7755,PAULO FRONTIN,4118709
7757,PEABIRU,4118808
7759,PEROLA D'OESTE,4119004
7761,PIEN,4119103
7763,PINHALAO,4119202
7765,PINHAO,4119301
7767,PIRAI DO SUL,4119400
7769,PIRAQUARA,4119509
7771,PITANGA,4119608
7773,PLANALTINA DO PARANA,4119707
7775,PLANALTO,4119806
7777,PONTA GROSSA,4119905
7779,PORECATU,4120002
7781,PORTO AMAZONAS,4120101
7783,PORTO RICO,4120200
7785,PORTO VITORIA,4120309
7787,PRESIDENTE CASTELO BRANCO,4120408
7789,PRIMEIRO DE MAIO,4120507
7791,PRUDENTOPOLIS,4120606
7793,QUATIGUA,4120705
7795,QUATRO BARRAS,4120804
7797,QUERENCIA DO NORTE,4121000
7799,QUINTA DO SOL,4121109
7801,QUITANDINHA,4121208
7803,RANCHO ALEGRE,4121307
7805,REALEZA,4121406
7807,REBOUCAS,4121505
7809,RENASCENCA,4121604
7811,RESERVA,4121703
7813,RIBEIRAO CLARO,4121802
7815,RIBEIRAO DO PINHAL,4121901
7817,RIO AZUL,4122008
7819,RIO BOM,4122107
7821,RIO BRANCO DO SUL,4122206
7823,RIO NEGRO,4122305
7825,ROLANDIA,4122404
7827,RONCADOR,4122503
7829,RONDON,4122602
7831,SABAUDIA,4122701
7833,SALGADO FILHO,4122800
7835,SALTO DO ITARARE,4122909
7837,SALTO DO LONTRA,4123006
7839,SANTA AMELIA,4123105
7841,SANTA CECILIA DO PAVAO,4123204
7843,SANTA CRUZ DE MONTE CASTELO,4123303
7845,SANTA FE,4123402
7847,SANTA INES,4123600
7849,SANTA ISABEL DO IVAI,4123709
7851,SANTA IZABEL DO OESTE,4123808
7853,SANTA MARIANA,4123907
7855,SANTANA DO ITARARE,4124004
7857,SANTO ANTONIO DO SUDOESTE,4124400
7859,SANTO ANTONIO DA PLATINA,4124103
7861,SANTO ANTONIO DO CAIUA,4124202
7863,SANTO ANTONIO DO PARAISO,4124301
7865,SANTO INACIO,4124509
7867,SAO CARLOS DO IVAI,4124608
7869,SAO JERONIMO DA SERRA,4124707
7871,SAO JOAO,4124806
7873,SAO JOAO DO CAIUA,4124905
7875,SAO JOAO DO IVAI,4125001
7877,SAO JOAO DO TRIUNFO,4125100
7879,SAO JORGE DO IVAI,4125308
7881,SAO JORGE D'OESTE,4125209
7883,SAO JOSE DA BOA VISTA,4125407
7885,SAO JOSE DOS PINHAIS,4125506
7887,SAO MATEUS DO SUL,4125605
7889,SAO MIGUEL DO IGUACU,4125704
7891,SAO PEDRO DO IVAI,4125803
7893,SAO PEDRO DO PARANA,4125902
7895,SAO SEBASTIAO DA AMOREIRA,4126009
7897,SAO TOME,4126108
7899,SAPOPEMA,4126207
7901,SENGES,4126306
7903,SERTANEJA,4126405
7905,SERTANOPOLIS,4126504
7907,SIQUEIRA CAMPOS,4126603
7909,TAMBOARA,4126702
7911,TAPEJARA,4126801
7913,TEIXEIRA SOARES,4127007
7915,TELEMACO BORBA,4127106
7917,TERRA BOA,4127205
7919,TERRA RICA,4127304
7921,TERRA ROXA,4127403
7923,TIBAGI,4127502
7925,TIJUCAS DO SUL,4127601
7927,TOLEDO,4127700
7929,TOMAZINA,4127809
7931,TUNEIRAS DO OESTE,4127908
7933,UBIRATA,4128005
7935,UMUARAMA,4128104
7937,UNIAO DA VITORIA,4128203
7939,UNIFLOR,4128302
7941,URAI,4128401
7943,WENCESLAU BRAZ,4128500
7945,VERE,4128609
7947,VITORINO,4128708
7949,XAMBRE,4128807
7951,ALTONIA,4100509
7953,ASSIS CHATEAUBRIAND,4102000
7955,QUEDAS DO IGUACU,4120903
7957,CEU AZUL,4105300
7959,GRANDES RIOS,4108700
7961,INDIANOPOLIS,4110409
7963,MATINHOS,4115705
7965,NOVA AURORA,4116703
7967,NOVA OLIMPIA,4117206
7969,PEROLA,4118907
7971,SANTA HELENA,4123501
7973,TAPIRA,4126900
7975,MARILENA,4115002
7977,FRANCISCO ALVES,4108320
7979,NOVA SANTA ROSA,4117222
7981,BOA VISTA DA APARECIDA,4103057
7983,BRAGANEY,4103354
7985,CAFELANDIA,4103453
7987,TRES BARRAS DO PARANA,4127858
7989,VERA CRUZ DO OESTE,4128559
7991,PRANCHITA,4120358
7993,TUPASSI,4127957
7995,NOVA PRATA DO IGUACU,4117255
7997,JESUITAS,4112751
7999,SAO JORGE DO PATROCINIO,4125357
8001,ABELARDO LUZ,4200101
8003,AGROLANDIA,4200200
8005,AGRONOMICA,4200309
8007,AGUA DOCE,4200408
8009,AGUAS DE CHAPECO,4200507
8011,AGUAS MORNAS,4200606
8013,ALFREDO WAGNER,4200705
8015,ANCHIETA,4200804
8017,ANGELINA,4200903
8019,ANITA GARIBALDI,4201000
8021,ANITAPOLIS,4201109
8023,ANTONIO CARLOS,4201208
8025,ARAQUARI,4201307
8027,ARARANGUA,4201406
8029,ARMAZEM,4201505
8031,ARROIO TRINTA,4201604
8033,ASCURRA,4201703
8035,ATALANTA,4201802
8037,AURORA,4201901
8039,BALNEARIO CAMBORIU,4202008
8041,BARRA VELHA,4202107
8043,BENEDITO NOVO,4202206
8045,BIGUACU,4202305
8047,BLUMENAU,4202404
8049,BOM RETIRO,4202602
8051,BOTUVERA,4202701
8053,BRACO DO NORTE,4202800
8055,BRUSQUE,4202909
8057,CACADOR,4203006
8059,CAIBI,4203105
8061,CAMBORIU,4203204
8063,CAMPO ALEGRE,4203303
8065,CAMPO BELO DO SUL,4203402
8067,CAMPO ERE,4203501
8069,CAMPOS NOVOS,4203600
8071,CANELINHA,4203709
8073,CANOINHAS,4203808
8075,CAPINZAL,4203907
8077,CATANDUVAS,4204004
8079,CAXAMBU DO SUL,4204103
8081,CHAPECO,4204202
8083,CONCORDIA,4204301
8085,CORONEL FREITAS,4204400
8087,CORUPA,4204509
8089,CRICIUMA,4204608
8091,CUNHA PORA,4204707
8093,CURITIBANOS,4204806
8095,DESCANSO,4204905
8097,DIONISIO CERQUEIRA,4205001
8099,DONA EMMA,4205100
8101,ERVAL VELHO,4205209
8103,FAXINAL DOS GUEDES,4205308
8105,FLORIANOPOLIS,4205407
8107,FRAIBURGO,4205506
8109,GALVAO,4205605
8111,GOVERNADOR CELSO RAMOS,4206009
8113,GAROPABA,4205704
8115,GARUVA,4205803
8117,GASPAR,4205902
8119,GRAO PARA,4206108
8121,GRAVATAL,4206207
8123,GUABIRUBA,4206306
8125,GUARACIABA,4206405
8127,GUARAMIRIM,4206504
8129,GUARUJA DO SUL,4206603
8131,HERVAL D'OESTE,4206702
8133,IBICARE,4206801
8135,IBIRAMA,4206900
8137,ICARA,4207007
8139,ILHOTA,4207106
8141,IMARUI,4207205
8143,IMBITUBA,4207304
8145,IMBUIA,4207403
8147,INDAIAL,4207502
8149,IPIRA,4207601
8151,IPUMIRIM,4207700
8153,IRANI,4207809
8155,IRINEOPOLIS,4207908
8157,ITA,4208005
8159,ITAIOPOLIS,4208104
8161,ITAJAI,4208203
8163,ITAPEMA,4208302
8165,ITAPIRANGA,4208401
8167,ITUPORANGA,4208500
8169,JABORA,4208609
8171,JACINTO MACHADO,4208708
8173,JAGUARUNA,4208807
8175,JARAGUA DO SUL,4208906
8177,JOACABA,4209003
8179,JOINVILLE,4209102
8181,LACERDOPOLIS,4209201
8183,LAGES,4209300
8185,LAGUNA,4209409
8187,LAURENTINO,4209508
8189,LAURO MULLER,4209607
8191,LEBON REGIS,4209706
8193,LEOBERTO LEAL,4209805
8195,LONTRAS,4209904
8197,LUIZ ALVES,4210001
8199,MAFRA,4210100
8201,MAJOR GERCINO,4210209
8203,MAJOR VIEIRA,4210308
8205,MARAVILHA,4210506
8207,MASSARANDUBA,4210605
8209,MATOS COSTA,4210704
8211,MELEIRO,4210803
8213,MODELO,4210902
8215,MONDAI,4211009
8217,MONTE CASTELO,4211108
8219,MORRO DA FUMACA,4211207
8221,NAVEGANTES,4211306
8223,NOVA ERECHIM,4211405
8225,NOVA TRENTO,4211504
8227,NOVA VENEZA,4211603
8229,ORLEANS,4211702
8231,OURO,4211801
8233,PALHOCA,4211900
8235,PALMA SOLA,4212007
8237,PALMITOS,4212106
8239,PAPANDUVA,4212205
8241,PAULO LOPES,4212304
8243,PEDRAS GRANDES,4212403
8245,PENHA,4212502
8247,PERITIBA,4212601
8249,PETROLANDIA,4212700
8251,BALNEARIO DE PICARRAS,4212809
8253,PINHALZINHO,4212908
8255,PINHEIRO PRETO,4213005
8257,PIRATUBA,4213104
8259,POMERODE,4213203
8261,PONTE ALTA,4213302
8263,PONTE SERRADA,4213401
8265,PORTO BELO,4213500
8267,PORTO UNIAO,4213609
8269,POUSO REDONDO,4213708
8271,PRAIA GRANDE,4213807
8273,PRESIDENTE CASTELLO BRANCO,4213906
8275,PRESIDENTE GETULIO,4214003
8277,PRESIDENTE NEREU,4214102
8279,QUILOMBO,4214201
8281,RANCHO QUEIMADO,4214300
8283,RIO DAS ANTAS,4214409
8285,RIO DO CAMPO,4214508
8287,RIO DO OESTE,4214607
8289,RIO DOS CEDROS,4214706
8291,RIO DO SUL,4214805
8293,RIO FORTUNA,4214904
8295,RIO NEGRINHO,4215000
8297,RODEIO,4215109
8299,ROMELANDIA,4215208
8301,SALETE,4215307
8303,SALTO VELOSO,4215406
8305,SANTA CECILIA,4215505
8307,SANTA ROSA DE LIMA,4215604
8309,SANTO AMARO DA IMPERATRIZ,4215703
8311,SAO BENTO DO SUL,4215802
8313,SAO BONIFACIO,4215901
8315,SAO CARLOS,4216008
8317,SAO DOMINGOS,4216107
8319,SAO FRANCISCO DO SUL,4216206
8321,SAO JOAO BATISTA,4216305
8323,SAO JOAO DO SUL,4216404
8325,SAO JOAQUIM,4216503
8327,SAO JOSE,4216602
8329,SAO JOSE DO CEDRO,4216701
8331,SAO JOSE DO CERRITO,4216800
8333,SAO LOURENCO DO OESTE,4216909
8335,SAO LUDGERO,4217006
8337,SAO MARTINHO,4217105
8339,SAO MIGUEL DO OESTE,4217204
8341,SAUDADES,4217303
8343,SCHROEDER,4217402
8345,SEARA,4217501
8347,SIDEROPOLIS,4217600
8349,SOMBRIO,4217709
8351,TAIO,4217808
8353,TANGARA,4217907
8355,TIJUCAS,4218004
8357,TIMBO,4218202
8359,TRES BARRAS,4218301
8361,TREZE DE MAIO,4218400
8363,TREZE TILIAS,4218509
8365,TROMBUDO CENTRAL,4218608
8367,TUBARAO,4218707
8369,TURVO,4218806
8371,URUBICI,4218905
8373,URUSSANGA,4219002
8375,VARGEAO,4219101
8377,VIDAL RAMOS,4219200
8379,VIDEIRA,4219309
8381,WITMARSUM,4219408
8383,XANXERE,4219507
8385,XAVANTINA,4219606
8387,XAXIM,4219705
8389,BOM JARDIM DA SERRA,4202503
8391,MARACAJA,4210407
8393,TIMBE DO SUL,4218103
8395,CORREIA PINTO,4204558
8397,OTACILIO COSTA,4211751
8399,IPE,4310439
8401,IBARAMA,4309753
8403,HARMONIA,4309555
8405,GUABIJU,4309258
8407,GLORINHA,4309050
8409,FAXINALZINHO,4308052
8411,FAGUNDES VARELA,4307864
8413,EUGENIO DE CASTRO,4307831
8415,ERNESTINA,4307054
8417,EREBANGO,4306973
8419,ENTRE IJUIS,4306932
8421,ENTRE RIOS DO SUL,4306957
8423,ELDORADO DO SUL,4306767
8425,DOUTOR MAURICIO CARDOSO,4306734
8427,DOIS LAJEADOS,4306452
8429,DEZESSEIS DE NOVEMBRO,4306353
8431,CRISTAL,4306056
8433,CIDREIRA,4305454
8435,CERRO GRANDE DO SUL,4305173
8437,CERRO GRANDE,4305157
8439,CERRO BRANCO,4305132
8441,CASEIROS,4304952
8443,CAPELA DE SANTANA,4304689
8445,CAMPOS BORGES,4304101
8447,CAMARGO,4303558
8449,BROCHIER,4302659
8451,CANTAGALO,4104451
8453,TURVO,4127965
8455,ALTAMIRA DO PARANA,4100459
8457,FIGUEIRA,4107751
8459,LUNARDELLI,4113759
8461,SARANDI,4126256
8463,JURANDA,4112959
8465,DOURADINA,4107256
8467,SANTA TEREZINHA DE ITAIPU,4124053
8469,MISSAL,4116059
8471,SAO JOSE DAS PALMEIRAS,4125456
8473,ROSARIO DO IVAI,4122651
8475,CAMPO BONITO,4104055
8477,SULINA,4126652
8479,CORUMBATAI DO SUL,4106555
8481,LUIZIANA,4113734
8483,BOQUEIRAO DO LEAO,4302451
8485,BARAO,4301651
8487,AUREA,4301552
8489,ARROIO DO SAL,4301057
8491,ANDRE DA ROCHA,4300661
8493,AMARAL FERRADOR,4300638
8495,ALTO ALEGRE,4300554
8497,ALEGRIA,4300455
8499,AGUA SANTA,4300059
8501,AGUDO,4300109
8503,AJURICABA,4300208
8505,ALECRIM,4300307
8507,ALEGRETE,4300406
8509,ALPESTRE,4300505
8511,ALVORADA,4300604
8513,ANTA GORDA,4300703
8515,ANTONIO PRADO,4300802
8517,ARATIBA,4300901
8519,ARROIO DO MEIO,4301008
8521,ARROIO DOS RATOS,4301107
8523,ARROIO DO TIGRE,4301206
8525,ARROIO GRANDE,4301305
8527,ARVOREZINHA,4301404
8529,AUGUSTO PESTANA,4301503
8531,BAGE,4301602
8533,BARAO DE COTEGIPE,4301701
8535,BARRACAO,4301800
8537,BARRA DO RIBEIRO,4301909
8539,BARROS CASSAL,4302006
8541,BENTO GONCALVES,4302105
8543,BOA VISTA DO BURICA,4302204
8545,BOM JESUS,4302303
8547,BOM RETIRO DO SUL,4302402
8549,BOSSOROCA,4302501
8551,BRAGA,4302600
8553,BUTIA,4302709
8555,CACAPAVA DO SUL,4302808
8557,CACEQUI,4302907
8559,CACHOEIRA DO SUL,4303004
8561,CACHOEIRINHA,4303103
8563,CACIQUE DOBLE,4303202
8565,CAIBATE,4303301
8567,CAICARA,4303400
8569,CAMAQUA,4303509
8571,CAMBARA DO SUL,4303608
8573,CAMPINA DAS MISSOES,4303707
8575,CAMPINAS DO SUL,4303806
8577,CAMPO BOM,4303905
8579,CAMPO NOVO,4304002
8581,CANDELARIA,4304200
8583,CANDIDO GODOI,4304309
8585,CANELA,4304408
8587,CANGUCU,4304507
8589,CANOAS,4304606
8591,CARAZINHO,4304705
8593,CARLOS BARBOSA,4304804
8595,CASCA,4304903
8597,CATUIPE,4305009
8599,CAXIAS DO SUL,4305108
8601,CERRO LARGO,4305207
8603,CHAPADA,4305306
8605,CHIAPETTA,4305405
8607,CIRIACO,4305504
8609,COLORADO,4305603
8611,CONDOR,4305702
8613,CONSTANTINA,4305801
8615,CORONEL BICACO,4305900
8617,CRISSIUMAL,4306007
8619,CRUZ ALTA,4306106
8621,CRUZEIRO DO SUL,4306205
8623,DAVID CANABARRO,4306304
8625,DOIS IRMAOS,4306403
8627,DOM FELICIANO,4306502
8629,DOM PEDRITO,4306601
8631,DONA FRANCISCA,4306700
8633,ENCANTADO,4306809
8635,ENCRUZILHADA DO SUL,4306908
8637,ERECHIM,4307005
8639,HERVAL,4307104
8641,ERVAL GRANDE,4307203
8643,ERVAL SECO,4307302
8645,ESMERALDA,4307401
8647,ESPUMOSO,4307500
8649,ESTANCIA VELHA,4307609
8651,ESTEIO,4307708
8653,ESTRELA,4307807
8655,FARROUPILHA,4307906
8657,FAXINAL DO SOTURNO,4308003
8659,FELIZ,4308102
8661,FLORES DA CUNHA,4308201
8663,FONTOURA XAVIER,4308300
8665,FORMIGUEIRO,4308409
8667,FREDERICO WESTPHALEN,4308508
8669,GARIBALDI,4308607
8671,GAURAMA,4308706
8673,GENERAL CAMARA,4308805
8675,SAO VICENTE DO SUL,4319802
8677,GETULIO VARGAS,4308904
8679,GIRUA,4309001
8681,GRAMADO,4309100
8683,GRAVATAI,4309209
8685,GUAIBA,4309308
8687,GUAPORE,4309407
8689,GUARANI DAS MISSOES,4309506
8691,HORIZONTINA,4309605
8693,CHARQUEADAS,4305355
8695,HUMAITA,4309704
8697,IBIACA,4309803
8699,IBIRAIARAS,4309902
8701,IBIRUBA,4310009
8703,IGREJINHA,4310108
8705,IJUI,4310207
8707,ILOPOLIS,4310306
8709,INDEPENDENCIA,4310405
8711,IRAI,4310504
8713,ITAQUI,4310603
8715,ITATIBA DO SUL,4310702
8717,IVOTI,4310801
8719,JACUTINGA,4310900
8721,JAGUARAO,4311007
8723,JAGUARI,4311106
8725,JULIO DE CASTILHOS,4311205
8727,LAGOA VERMELHA,4311304
8729,LAJEADO,4311403
8731,LAVRAS DO SUL,4311502
8733,LIBERATO SALZANO,4311601
8735,MACHADINHO,4311700
8737,MARAU,4311809
8739,MARCELINO RAMOS,4311908
8741,MARIANO MORO,4312005
8743,MATA,4312104
8745,MAXIMILIANO DE ALMEIDA,4312203
8747,MIRAGUAI,4312302
8749,MONTENEGRO,4312401
8751,MOSTARDAS,4312500
8753,MUCUM,4312609
8755,NAO-ME-TOQUE,4312658
8757,NONOAI,4312708
8759,NOVA ARACA,4312807
8761,NOVA BASSANO,4312906
8763,NOVA BRESCIA,4313003
8765,NOVA PALMA,4313102
8767,NOVA PETROPOLIS,4313201
8769,NOVA PRATA,4313300
8771,NOVO HAMBURGO,4313409
8773,OSORIO,4313508
8775,PAIM FILHO,4313607
8777,PALMEIRA DAS MISSOES,4313706
8779,PALMITINHO,4313805
8781,PANAMBI,4313904
8783,PARAI,4314001
8785,PASSO FUNDO,4314100
8787,PEDRO OSORIO,4314209
8789,PEJUCARA,4314308
8791,PELOTAS,4314407
8793,PINHEIRO MACHADO,4314506
8795,PIRATINI,4314605
8797,PLANALTO,4314704
8799,PORTAO,4314803
8801,PORTO ALEGRE,4314902
8803,PORTO LUCENA,4315008
8805,PORTO XAVIER,4315107
8807,PUTINGA,4315206
8809,QUARAI,4315305
8811,REDENTORA,4315404
8813,RESTINGA SECA,4315503
8815,RIO GRANDE,4315602
8817,RIO PARDO,4315701
8819,ROCA SALES,4315800
8821,RODEIO BONITO,4315909
8823,ROLANTE,4316006
8825,RONDA ALTA,4316105
8827,RONDINHA,4316204
8829,ROQUE GONZALES,4316303
8831,ROSARIO DO SUL,4316402
8833,SALVADOR DO SUL,4316501
8835,SANANDUVA,4316600
8837,SANTA BARBARA DO SUL,4316709
8839,SANTA CRUZ DO SUL,4316808
8841,SANTA MARIA,4316907
8843,SANTANA DA BOA VISTA,4317004
8845,SANTANA DO LIVRAMENTO,4317103
8847,SANTA ROSA,4317202
8849,SANTA VITORIA DO PALMAR,4317301
8851,SANTIAGO,4317400
8853,SANTO ANGELO,4317509
8855,SANTO ANTONIO DA PATRULHA,4317608
8857,SANTO ANTONIO DAS MISSOES,4317707
8859,SANTO AUGUSTO,4317806
8861,SANTO CRISTO,4317905
8863,SAO BORJA,4318002
8865,SAO FRANCISCO DE ASSIS,4318101
8867,SAO FRANCISCO DE PAULA,4318200
8869,SAO GABRIEL,4318309
8871,SAO JERONIMO,4318408
8873,SAO JOSE DO NORTE,4318507
8875,SAO JOSE DO OURO,4318606
8877,SAO LEOPOLDO,4318705
8879,SAO LOURENCO DO SUL,4318804
8881,SAO LUIZ GONZAGA,4318903
8883,SAO MARCOS,4319000
8885,SAO MARTINHO,4319109
8887,SAO NICOLAU,4319208
8889,SAO PAULO DAS MISSOES,4319307
8891,SAO PEDRO DO SUL,4319406
8893,SAO SEBASTIAO DO CAI,4319505
8895,SAO SEPE,4319604
8897,SAO VALENTIM,4319703
8899,SAPIRANGA,4319901
8901,SAPUCAIA DO SUL,4320008
8903,SARANDI,4320107
8905,SEBERI,4320206
8907,SELBACH,4320305
8909,SERAFINA CORREA,4320404
8911,SERTAO,4320503
8913,SEVERIANO DE ALMEIDA,4320602
8915,CAPAO DA CANOA,4304630
8917,SOBRADINHO,4320701
8919,SOLEDADE,4320800
8921,TAPEJARA,4320909
8923,TAPERA,4321006
8925,TAPES,4321105
8927,TAQUARA,4321204
8929,TAQUARI,4321303
8931,TENENTE PORTELA,4321402
8933,TORRES,4321501
8935,TRAMANDAI,4321600
8937,TRES COROAS,4321709
8939,TRES DE MAIO,4321808
8941,TRES PASSOS,4321907
8943,TRIUNFO,4322004
8945,TUCUNDUVA,4322103
8947,TUPANCIRETA,4322202
8949,TUPARENDI,4322301
8951,URUGUAIANA,4322400
8953,VACARIA,4322509
8955,VENANCIO AIRES,4322608
8957,VERA CRUZ,4322707
8959,VERANOPOLIS,4322806
8961,VIADUTOS,4322905
8963,VIAMAO,4323002
8965,VICENTE DUTRA,4323101
8967,PALMARES DO SUL,4313656
8969,VICTOR GRAEFF,4323200
8971,TAVARES,4321352
8973,CAPAO DO LEAO,4304663
8975,SALTO DO JACUI,4316451
8977,COTIPORA,4305959
8979,COLIDER,5103205
8981,NOVA BRASILANDIA,5106208
8983,PARANATINGA,5106307
8985,SINOP,5107909
8987,ALTA FLORESTA,5100250
8989,ARAPUTANGA,5101258
8991,JAURU,5105002
8993,SAO JOSE DOS QUATRO MARCOS,5107107
8995,RIO BRANCO,5107206
8997,SALTO DO CEU,5107750
8999,PONTES E LACERDA,5106752
9001,ACORIZAL,5100102
9003,AGUA CLARA,5000203
9005,ALTO ARAGUAIA,5100300
9007,ALTO GARCAS,5100409
9009,ALTO PARAGUAI,5100508
9011,AMAMBAI,5000609
9013,ANASTACIO,5000708
9015,ANAURILANDIA,5000807
9017,ANTONIO JOAO,5000906
9019,APARECIDA DO TABOADO,5001003
9021,AQUIDAUANA,5001102
9023,ARAGUAINHA,5101209
9025,ARENAPOLIS,5101308
9027,ARIPUANA,5101407
9029,BANDEIRANTES,5001508
9031,BARAO DE MELGACO,5101605
9033,BARRA DO BUGRES,5101704
9035,BARRA DO GARCAS,5101803
9037,BATAGUASSU,5001904
9039,BATAYPORA,5002001
9041,BELA VISTA,5002100
9043,BONITO,5002209
9045,BRASILANDIA,5002308
9047,CACERES,5102504
9049,CAMAPUA,5002605
9051,CAMPO GRANDE,5002704
9053,CARACOL,5002803
9055,CAARAPO,5002407
9057,CASSILANDIA,5002902
9059,CHAPADA DOS GUIMARAES,5103007
9061,CORGUINHO,5003108
9063,CORUMBA,5003207
9065,COXIM,5003306
9067,CUIABA,5103403
9069,DIAMANTINO,5103502
9071,DOM AQUINO,5103601
9073,DOURADOS,5003702
9075,FATIMA DO SUL,5003801
9077,GENERAL CARNEIRO,5103908
9079,GLORIA DE DOURADOS,5004007
9081,GUIA LOPES DA LAGUNA,5004106
9083,GUIRATINGA,5104203
9085,IGUATEMI,5004304
9087,INOCENCIA,5004403
9089,ITAPORA,5004502
9091,ITIQUIRA,5104609
9093,IVINHEMA,5004700
9095,JACIARA,5104807
9097,JARAGUARI,5004908
9099,JARDIM,5005004
9101,JATEI,5005103
9103,LADARIO,5005202
9105,LUCIARA,5105309
9107,MARACAJU,5005400
9109,VILA BELA DA SANTISSIMA TRINDADE,5105507
9111,MIRANDA,5005608
9113,NAVIRAI,5005707
9115,NIOAQUE,5005806
9117,NOBRES,5105903
9119,NORTELANDIA,5106000
9121,NOSSA SENHORA DO LIVRAMENTO,5106109
9123,NOVA ANDRADINA,5006200
9125,PARANAIBA,5006309
9127,PEDRO GOMES,5006408
9129,POCONE,5106505
9131,PONTA PORA,5006606
9133,PONTE BRANCA,5106703
9135,PORTO DOS GAUCHOS,5106802
9137,PORTO MURTINHO,5006903
9139,POXOREU,5107008
9141,RIBAS DO RIO PARDO,5007109
9143,RIO BRILHANTE,5007208
9145,RIO NEGRO,5007307
9147,RIO VERDE DE MATO GROSSO,5007406
9149,ROCHEDO,5007505
9151,RONDONOPOLIS,5107602
9153,ROSARIO OESTE,5107701
9155,SANTO ANTONIO DO LEVERGER,5107800
9157,SIDROLANDIA,5007901
9159,TERENOS,5008008
9161,TESOURO,5108105
9163,TORIXOREU,5108204
9165,TRES LAGOAS,5008305
9167,VARZEA GRANDE,5108402
9169,ANGELICA,5000856
9171,ARAL MOREIRA,5001243
9173,ELDORADO,5003751
9175,DEODAPOLIS,5003454
9177,MIRASSOL D'OESTE,5105622
9179,MUNDO NOVO,5005681
9181,PEDRA PRETA,5106372
9183,SAO FELIX DO ARAGUAIA,5107859
9185,TANGARA DA SERRA,5107958
9187,VICENTINA,5008404
9189,JUSCIMEIRA,5105200
9191,AGUA BOA,5100201
9193,CANARANA,5102702
9195,NOVA XAVANTINA,5106257
9197,SANTA TEREZINHA,5107776
9199,SAO JOSE DO RIO CLARO,5107305
9201,ABADIANIA,5200100
9203,AGUA LIMPA,5200209
9205,ALEXANIA,5200308
9207,ALMAS,1700400
9209,ALOANDIA,5200506
9211,ALTO PARAISO DE GOIAS,5200605
9213,ALVORADA,1700707
9215,ALVORADA DO NORTE,5200803
9217,AMORINOPOLIS,5200902
9219,ANANAS,1701002
9221,ANAPOLIS,5201108
9223,ANHANGUERA,5201207
9225,ANICUNS,5201306
9227,APARECIDA DE GOIANIA,5201405
9229,APORE,5201504
9231,ARACU,5201603
9233,ARAGARCAS,5201702
9235,ARAGOIANIA,5201801
9237,ARAGUACEMA,1701903
9239,ARAGUACU,1702000
9241,ARAGUAINA,1702109
9243,ARAGUATINS,1702208
9245,ARAPOEMA,1702307
9247,ARRAIAS,1702406
9249,ARUANA,5202502
9251,AURILANDIA,5202601
9253,AURORA DO TOCANTINS,1702703
9255,AVELINOPOLIS,5202809
9257,AXIXA DO TOCANTINS,1702901
9259,BABACULANDIA,1703008
9261,BALIZA,5203104
9263,BARRO ALTO,5203203
9265,BELA VISTA DE GOIAS,5203302
9267,BOM JARDIM DE GOIAS,5203401
9269,BOM JESUS DE GOIAS,5203500
9271,BRAZABRANTES,5203609
9273,BREJINHO DE NAZARE,1703701
9275,BRITANIA,5203807
9277,BURITI ALEGRE,5203906
9279,CABECEIRAS,5204003
9281,CACHOEIRA ALTA,5204102
9283,CACHOEIRA DE GOIAS,5204201
9285,CACU,5204300
9287,CAIAPONIA,5204409
9289,CALDAS NOVAS,5204508
9291,CAMPESTRE DE GOIAS,5204607
9293,CAMPINORTE,5204706
9295,CAMPO ALEGRE DE GOIAS,5204805
9297,CAMPOS BELOS,5204904
9299,CARMO DO RIO VERDE,5205000
9301,CATALAO,5205109
9303,CATURAI,5205208
9305,CAVALCANTE,5205307
9307,CERES,5205406
9309,DIVINOPOLIS DE GOIAS,5208301
9311,COLINAS DO TOCANTINS,1705508
9313,CONCEICAO DO TOCANTINS,1705607
9315,CORREGO DO OURO,5205703
9317,CORUMBA DE GOIAS,5205802
9319,CORUMBAIBA,5205901
9321,COUTO DE MAGALHAES,1706001
9323,CRISTALANDIA,1706100
9325,CRISTALINA,5206206
9327,CRISTIANOPOLIS,5206305
9329,CRIXAS,5206404
9331,CROMINIA,5206503
9333,CUMARI,5206602
9335,DAMIANOPOLIS,5206701
9337,DAMOLANDIA,5206800
9339,DAVINOPOLIS,5206909
9341,DIANOPOLIS,1707009
9343,DIORAMA,5207105
9345,DOIS IRMAOS DO TOCANTINS,1707207
9347,DUERE,1707306
9349,EDEIA,5207402
9351,ESTRELA DO NORTE,5207501
9353,FAZENDA NOVA,5207600
9355,FILADELFIA,1707702
9357,FIRMINOPOLIS,5207808
9359,FLORES DE GOIAS,5207907
9361,FORMOSA,5208004
9363,FORMOSO,5208103
9365,FORMOSO DO ARAGUAIA,1708205
9367,GOIANAPOLIS,5208400
9369,GOIANDIRA,5208509
9371,GOIANESIA,5208608
9373,GOIANIA,5208707
9375,GOIANIRA,5208806
9377,GOIAS,5208905
9379,GOIATUBA,5209101
9381,GUAPO,5209200
9383,GUARANI DE GOIAS,5209408
9385,GURUPI,1709500
9387,HEITORAI,5209606
9389,HIDROLANDIA,5209705
9391,HIDROLINA,5209804
9393,IACIARA,5209903
9395,INHUMAS,5210000
9397,IPAMERI,5210109
9399,IPORA,5210208
9401,ISRAELANDIA,5210307
9403,ITABERAI,5210406
9405,ITACAJA,1710508
9407,ITAGUARU,5210604
9409,ITAGUATINS,1710706
9411,ITAJA,5210802
9413,ITAPACI,5210901
9415,ITAPIRAPUA,5211008
9417,ITAPORA DO TOCANTINS,1711100
9419,ITAPURANGA,5211206
9421,ITARUMA,5211305
9423,ITAUCU,5211404
9425,ITUMBIARA,5211503
9427,IVOLANDIA,5211602
9429,JANDAIA,5211701
9431,JARAGUA,5211800
9433,JATAI,5211909
9435,JAUPACI,5212006
9437,JOVIANIA,5212105
9439,JUSSARA,5212204
9441,ALIANCA DO TOCANTINS,1700350
9443,LEOPOLDO DE BULHOES,5212303
9445,LUZIANIA,5212501
9447,MAIRIPOTABA,5212600
9449,MAMBAI,5212709
9451,MARA ROSA,5212808
9453,MARZAGAO,5212907
9455,PARANAIGUARA,5216304
9457,MAURILANDIA,5213004
9459,MINEIROS,5213103
9461,MIRACEMA DO TOCANTINS,1713205
9463,MIRANORTE,1713304
9465,MOIPORA,5213400
9467,MONTE ALEGRE DE GOIAS,5213509
9469,MONTE DO CARMO,1713601
9471,MONTES CLAROS DE GOIAS,5213707
9473,MORRINHOS,5213806
9475,MOSSAMEDES,5213905
9477,MOZARLANDIA,5214002
9479,MUTUNOPOLIS,5214101
9481,NATIVIDADE,1714203
9483,NAZARE,1714302
9485,NAZARIO,5214408
9487,NEROPOLIS,5214507
9489,NIQUELANDIA,5214606
9491,NOVA AMERICA,5214705
9493,NOVA AURORA,5214804
9495,NOVA ROMA,5214903
9497,NOVA VENEZA,5215009
9499,NOVO ACORDO,1715101
9501,NOVO BRASIL,5215207
9503,ORIZONA,5215306
9505,OURO VERDE DE GOIAS,5215405
9507,OUVIDOR,5215504
9509,PADRE BERNARDO,5215603
9511,PALMEIRAS DE GOIAS,5215702
9513,PALMELO,5215801
9515,PALMINOPOLIS,5215900
9517,PANAMA,5216007
9519,PARAISO DO TOCANTINS,1716109
9521,PARANA,1716208
9523,PARAUNA,5216403
9525,PEDRO AFONSO,1716505
9527,PEIXE,1716604
9529,COLMEIA,1716703
9531,PETROLINA DE GOIAS,5216809
9533,GOIATINS,1709005
9535,PILAR DE GOIAS,5216908
9537,PINDORAMA DO TOCANTINS,1717008
9539,PIRACANJUBA,5217104
9541,PIRANHAS,5217203
9543,PIRENOPOLIS,5217302
9545,PIRES DO RIO,5217401
9547,PIUM,1717503
9549,PONTALINA,5217708
9551,PONTE ALTA DO BOM JESUS,1717800
9553,PONTE ALTA DO TOCANTINS,1717909
9555,PORANGATU,5218003
9557,PORTELANDIA,5218102
9559,PORTO NACIONAL,1718204
9561,POSSE,5218300
9563,QUIRINOPOLIS,5218508
9565,RIALMA,5218607
9567,RIANAPOLIS,5218706
9569,LIZARDA,1712405
9571,RIO VERDE,5218805
9573,RUBIATABA,5218904
9575,SANCLERLANDIA,5219001
9577,SANTA BARBARA DE GOIAS,5219100
9579,SANTA CRUZ DE GOIAS,5219209
9581,SANTA HELENA DE GOIAS,5219308
9583,SANTA RITA DO ARAGUAIA,5219407
9585,SANTA ROSA DE GOIAS,5219506
9587,SANTA TEREZA DE GOIAS,5219605
9589,SANTA TEREZINHA DE GOIAS,5219704
9591,SAO DOMINGOS,5219803
9593,SAO FRANCISCO DE GOIAS,5219902
9595,PLANALTINA,5217609
9597,SAO JOAO D'ALIANCA,5220009
9599,SAO LUIS DE MONTES BELOS,5220108
9601,SAO MIGUEL DO ARAGUAIA,5220207
9603,SAO SEBASTIAO DO TOCANTINS,1720309
9605,SAO SIMAO,5220405
9607,SERRANOPOLIS,5220504
9609,SILVANIA,5220603
9611,SITIO D'ABADIA,5220702
9613,SITIO NOVO DO TOCANTINS,1720804
9615,TAGUATINGA,1720903
9617,TAQUARAL DE GOIAS,5221007
9619,TOCANTINIA,1721109
9621,TOCANTINOPOLIS,1721208
9623,TRES RANCHOS,5221304
9625,TRINDADE,5221403
9627,GUARAI,1709302
9629,PRESIDENTE KENNEDY,1718402
9631,TURVANIA,5221502
9633,URUACU,5221601
9635,URUANA,5221700
9637,URUTAI,5221809
9639,VARJAO,5221908
9641,VIANOPOLIS,5222005
9643,XAMBIOA,1722107
9645,ACREUNA,5200134
9647,MINACU,5213087
9649,PALMEIROPOLIS,1715754
9651,MUNDO NOVO,5214051
9653,NOVA CRIXAS,5214838
9655,NOVA GLORIA,5214861
9657,VICENTINOPOLIS,5222054
9659,SILVANOPOLIS,1720655
9661,AMERICANO DO BRASIL,5200852
9663,NOVA OLINDA,1714880
9665,WANDERLANDIA,1722081
9667,FIGUEIROPOLIS,1707652
9669,ARAGUAPAZ,5202155
9671,ARENOPOLIS,5202353
9673,CACHOEIRA DOURADA,5204250
9675,DOVERLANDIA,5207253
9677,SANTO ANTONIO DO DESCOBERTO,5219753
9679,RIO SONO,1718758
9681,INDIARA,5209952
9683,FATIMA,1707553
9685,AUGUSTINOPOLIS,1702554
9687,CAMPINACU,5204656
9689,SANTA ISABEL,5219357
9691,SAO VALERIO DA NATIVIDADE,1720499
9693,BARROLANDIA,1703107
9695,BERNARDO SAYAO,1703206
9697,COMBINADO,1705557
9699,GOIANORTE,1708304
9701,BRASILIA,5300108
9703,NOVO ALEGRE,1715150
9705,PEQUIZEIRO,1716653
9707,EXTERIOR,0
9711,MARIANOPOLIS DO TOCANTINS,1712504
9713,APARECIDA DO RIO NEGRO,1701101
9715,BURITI DO TOCANTINS,1703800
9717,CASEARA,1703909
9719,DIVINOPOLIS DO TOCANTINS,1707108
9721,NOVA ROSALANDIA,1715002
9723,PORTO ALEGRE DO TOCANTINS,1718006
9725,PRAIA NORTE,1718303
9727,SAMPAIO,1718808
9729,SANTA ROSA DO TOCANTINS,1718907
9731,SANTA TEREZA DO TOCANTINS,1719004
9733,PALMAS,1721000
9735,NOVO PLANALTO,5215256
9737,PALESTINA DE GOIAS,5215652
9739,PARANHOS,5006358
9741,RIBEIRAO CASCALHEIRA,5107180
9743,SANTA FE DE GOIAS,5219258
9745,SANTA RITA DO PARDO,5007554
9747,SAO JOAO DA PARAUNA,5220058
9749,SAO LUIZ DO NORTE,5220157
9751,SAO MIGUEL DO PASSA QUATRO,5220264
9753,SENADOR CANEDO,5220454
9755,SIMOLANDIA,5220686
9757,SONORA,5007935
9759,TERESINA DE GOIAS,5221080
9761,TROMBAS,5221452
9763,TAPURAH,5108006
9765,TURVELANDIA,5221551
9767,ALAGOINHA DO PIAUI,2200251
9769,ADELANDIA,5200159
9771,AGUA FRIA DE GOIAS,5200175
9773,APIACAS,5100805
9775,BONFINOPOLIS,5203559
9777,CAMPO NOVO DO PARECIS,5102637
9779,CAMPO VERDE,5102678
9781,CAMPOS VERDES,5204953
9783,CASTANHEIRA,5102850
9785,CEZARINA,5205455
9787,CHAPADAO DO SUL,5002951
9789,CLAUDIA,5103056
9791,COLINAS DO SUL,5205521
9793,DOIS IRMAOS DO BURITI,5003488
9795,EDEALINA,5207352
9797,FAINA,5207535
9799,GOUVELANDIA,5209150
9801,BODOQUENA,5002159
9803,COSTA RICA,5003256
9805,DOURADINA,5003504
9807,ITAQUIRAI,5004601
9809,SAO GABRIEL DO OESTE,5007695
9811,SELVIRIA,5007802
9813,SETE QUEDAS,5007703
9815,TACURU,5007950
9817,TAQUARUSSU,5007976
9819,JUARA,5105101
9821,TEUTONIA,4321451
9823,BOM PRINCIPIO,4302352
9825,PAROBE,4314050
9827,FORTALEZA DOS VALOS,4308458
9829,JOIA,4311155
9831,JUINA,5105150
9833,DENISE,5103452
9835,IRANDUBA,1301852
9837,ITAMARATI,1301951
9839,MANAQUIRI,1302553
9841,PRESIDENTE FIGUEIREDO,1303536
9843,RIO PRETO DA EVA,1303569
9845,SAO SEBASTIAO DO UATUMA,1303957
9847,TABATINGA,1304062
9849,UARINI,1304260
9851,TONANTINS,1304237
9853,QUIXELO,2311355
9855,UMIRIM,2313757
9857,VARJOTA,2313955
9859,JABORANDI,2917359
9861,JANGADA,5104906
9863,CAMPINAPOLIS,5102603
9865,COCALINHO,5103106
9867,NOVO SAO JOAQUIM,5106281
9869,ARAGUAIANA,5101001
9871,PRIMAVERA DO LESTE,5107040
9873,BRASNORTE,5101902
9875,PORTO ESPERIDIAO,5106828
9877,INDIAVAI,5104500
9879,RESERVA DO CABACAL,5107156
9881,FIGUEIROPOLIS D'OESTE,5103809
9883,COMODORO,5103304
9885,PARANAITA,5106299
9887,GUARANTA DO NORTE,5104104
9889,NOVA CANAA DO NORTE,5106216
9891,PEIXOTO DE AZEVEDO,5106422
9893,NOVA OLIMPIA,5106232
9895,PORTO ALEGRE DO NORTE,5106778
9897,VILA RICA,5108600
9899,MARCELANDIA,5105580
9901,ITAUBA,5104559
9903,NOVO HORIZONTE DO NORTE,5106273
9905,VERA,5108501
9907,SORRISO,5107925
9909,TERRA NOVA DO NORTE,5108055
9911,ALTO TAQUARI,5100607
9913,NOVA TEBAS,4117271
9915,DIAMANTE D'OESTE,4107157
9917,QUITERIANOPOLIS,2311264
9919,ITAGUARI,5210562
9921,JURUENA,5105176
9923,JUTI,5005152
9925,LUCAS DO RIO VERDE,5105259
9927,MATRINCHA,5212956
9929,MATUPA,5105606
9931,MIMOSO DE GOIAS,5213053
9933,MONTIVIDIU,5213756
9935,MORRO AGUDO DE GOIAS,5213855
9937,NOVA MUTUM,5106224
9939,ABDON BATISTA,4200051
9941,APIUNA,4201257
9943,CELSO RAMOS,4204152
9945,DOUTOR PEDRINHO,4205159
9947,GODOY MOREIRA,4108551
9949,IBEMA,4109757
9951,IPORA DO OESTE,4207650
9953,IRACEMINHA,4207759
9955,IVATE,4111555
9957,JOSE BOITEUX,4209151
9959,LINDOESTE,4113452
9961,LINDOIA DO SUL,4209854
9963,MAREMA,4210555
9965,OURO VERDE DO OESTE,4117453
9967,SANTA ROSA DO SUL,4215653
9969,SANTA TEREZA DO OESTE,4124020
9971,TIMBO GRANDE,4218251
9973,UNIAO DO OESTE,4218855
9975,URUPEMA,4218954
9977,VITOR MEIRELES,4219358
9979,BOM SUCESSO DO SUL,4103222
9981,HONORIO SERPA,4109658
9983,FAZENDA RIO GRANDE,4107652
9985,ITAPOA,4208450
9989,SERRA ALTA,4217550
9991,TUNAPOLIS,4218756
9993,GUARINOS,5209457
9995,RIO QUENTE,5218789
9997,CORONEL SAPUCAIA,5003157
